[{"pk": 17, "model": "contenttypes.contenttype", "fields": {"model": "account", "name": "account", "app_label": "account"}}, {"pk": 16, "model": "contenttypes.contenttype", "fields": {"model": "announcement", "name": "announcement", "app_label": "announcements"}}, {"pk": 34, "model": "contenttypes.contenttype", "fields": {"model": "association", "name": "association", "app_label": "django_openid"}}, {"pk": 6, "model": "contenttypes.contenttype", "fields": {"model": "contenttype", "name": "content type", "app_label": "contenttypes"}}, {"pk": 14, "model": "contenttypes.contenttype", "fields": {"model": "emailaddress", "name": "e-mail address", "app_label": "emailconfirmation"}}, {"pk": 15, "model": "contenttypes.contenttype", "fields": {"model": "emailconfirmation", "name": "e-mail confirmation", "app_label": "emailconfirmation"}}, {"pk": 29, "model": "contenttypes.contenttype", "fields": {"model": "good", "name": "good", "app_label": "baljan"}}, {"pk": 30, "model": "contenttypes.contenttype", "fields": {"model": "goodcost", "name": "good cost", "app_label": "baljan"}}, {"pk": 3, "model": "contenttypes.contenttype", "fields": {"model": "group", "name": "group", "app_label": "auth"}}, {"pk": 23, "model": "contenttypes.contenttype", "fields": {"model": "joingrouprequest", "name": "join group request", "app_label": "baljan"}}, {"pk": 1, "model": "contenttypes.contenttype", "fields": {"model": "logentry", "name": "log entry", "app_label": "admin"}}, {"pk": 5, "model": "contenttypes.contenttype", "fields": {"model": "message", "name": "message", "app_label": "auth"}}, {"pk": 33, "model": "contenttypes.contenttype", "fields": {"model": "nonce", "name": "nonce", "app_label": "django_openid"}}, {"pk": 11, "model": "contenttypes.contenttype", "fields": {"model": "notice", "name": "notice", "app_label": "notification"}}, {"pk": 12, "model": "contenttypes.contenttype", "fields": {"model": "noticequeuebatch", "name": "notice queue batch", "app_label": "notification"}}, {"pk": 10, "model": "contenttypes.contenttype", "fields": {"model": "noticesetting", "name": "notice setting", "app_label": "notification"}}, {"pk": 9, "model": "contenttypes.contenttype", "fields": {"model": "noticetype", "name": "notice type", "app_label": "notification"}}, {"pk": 13, "model": "contenttypes.contenttype", "fields": {"model": "observeditem", "name": "observed item", "app_label": "notification"}}, {"pk": 28, "model": "contenttypes.contenttype", "fields": {"model": "oncallduty", "name": "on call duty", "app_label": "baljan"}}, {"pk": 31, "model": "contenttypes.contenttype", "fields": {"model": "order", "name": "order", "app_label": "baljan"}}, {"pk": 32, "model": "contenttypes.contenttype", "fields": {"model": "ordergood", "name": "order good", "app_label": "baljan"}}, {"pk": 18, "model": "contenttypes.contenttype", "fields": {"model": "otherserviceinfo", "name": "other service info", "app_label": "account"}}, {"pk": 19, "model": "contenttypes.contenttype", "fields": {"model": "passwordreset", "name": "password reset", "app_label": "account"}}, {"pk": 2, "model": "contenttypes.contenttype", "fields": {"model": "permission", "name": "permission", "app_label": "auth"}}, {"pk": 22, "model": "contenttypes.contenttype", "fields": {"model": "profile", "name": "profile", "app_label": "baljan"}}, {"pk": 24, "model": "contenttypes.contenttype", "fields": {"model": "semester", "name": "semester", "app_label": "baljan"}}, {"pk": 25, "model": "contenttypes.contenttype", "fields": {"model": "semestermembership", "name": "semester membership", "app_label": "baljan"}}, {"pk": 7, "model": "contenttypes.contenttype", "fields": {"model": "session", "name": "session", "app_label": "sessions"}}, {"pk": 26, "model": "contenttypes.contenttype", "fields": {"model": "shift", "name": "shift", "app_label": "baljan"}}, {"pk": 27, "model": "contenttypes.contenttype", "fields": {"model": "shiftsignup", "name": "shift sign-up", "app_label": "baljan"}}, {"pk": 20, "model": "contenttypes.contenttype", "fields": {"model": "signupcode", "name": "signup code", "app_label": "signup_codes"}}, {"pk": 21, "model": "contenttypes.contenttype", "fields": {"model": "signupcoderesult", "name": "signup code result", "app_label": "signup_codes"}}, {"pk": 8, "model": "contenttypes.contenttype", "fields": {"model": "site", "name": "site", "app_label": "sites"}}, {"pk": 4, "model": "contenttypes.contenttype", "fields": {"model": "user", "name": "user", "app_label": "auth"}}, {"pk": 35, "model": "contenttypes.contenttype", "fields": {"model": "useropenidassociation", "name": "user openid association", "app_label": "django_openid"}}, {"pk": "cd1698a04c336386e003e9d6e0c6c440", "model": "sessions.session", "fields": {"expire_date": "2010-10-25 14:18:04", "session_data": "gAJ9cQEoVRJfYXV0aF91c2VyX2JhY2tlbmRxAlUpZGphbmdvLmNvbnRyaWIuYXV0aC5iYWNrZW5k\ncy5Nb2RlbEJhY2tlbmRxA1UNX2F1dGhfdXNlcl9pZHEESwF1LmE4MTM2NmQ0OTk2YmE5MjU0YTVi\nZjhiYzk2NWY5MWRm\n"}}, {"pk": "22339362cde077258cc49e9da31effac", "model": "sessions.session", "fields": {"expire_date": "2010-10-25 14:30:03", "session_data": "gAJ9cQEoVRJfYXV0aF91c2VyX2JhY2tlbmRxAlUpZGphbmdvLmNvbnRyaWIuYXV0aC5iYWNrZW5k\ncy5Nb2RlbEJhY2tlbmRxA1UNX2F1dGhfdXNlcl9pZHEESwFVD19zZXNzaW9uX2V4cGlyeXEFSwB1\nLjY2MTk5MWM0NDI0MmEwNTA4MDkzMjAxOTNhZTNhNGE4\n"}}, {"pk": "3beef0728d884a59f8d482f2e8f64416", "model": "sessions.session", "fields": {"expire_date": "2010-10-25 21:26:56", "session_data": "gAJ9cQEoVRJfYXV0aF91c2VyX2JhY2tlbmRxAlUpZGphbmdvLmNvbnRyaWIuYXV0aC5iYWNrZW5k\ncy5Nb2RlbEJhY2tlbmRxA1UNX2F1dGhfdXNlcl9pZHEESzlVD19zZXNzaW9uX2V4cGlyeXEFSwB1\nLjQzZTM5M2U1ZjFhYjE4NjZlYzRhNjUyYmNkODZkNDZi\n"}}, {"pk": "d6c208608abf0e792024c44eeb903ab0", "model": "sessions.session", "fields": {"expire_date": "2010-10-25 21:29:19", "session_data": "gAJ9cQEoVRJfYXV0aF91c2VyX2JhY2tlbmRxAlUpZGphbmdvLmNvbnRyaWIuYXV0aC5iYWNrZW5k\ncy5Nb2RlbEJhY2tlbmRxA1UNX2F1dGhfdXNlcl9pZHEESwF1LmE4MTM2NmQ0OTk2YmE5MjU0YTVi\nZjhiYzk2NWY5MWRm\n"}}, {"pk": 1, "model": "sites.site", "fields": {"domain": "localhost:8000", "name": "Sektionscaf\u00e9 Baljan"}}, {"pk": 1, "model": "notification.noticetype", "fields": {"default": 2, "description": "you have received an announcement", "display": "Announcement", "label": "announcement"}}, {"pk": 1, "model": "emailconfirmation.emailaddress", "fields": {"verified": true, "user": 1, "primary": true, "email": "simon@spantz.org"}}, {"pk": 1, "model": "account.account", "fields": {"timezone": "Europe/Stockholm", "user": 1, "language": "sv"}}, {"pk": 1, "model": "baljan.profile", "fields": {"mobile_phone": null, "balance_currency": "SEK", "friend_profiles": [], "made": "2010-10-11 14:12:05", "user": 1, "balance": 0}}, {"pk": 1, "model": "baljan.semester", "fields": {"start": "2010-01-01", "made": "2010-10-11 14:13:32", "end": "2010-07-01", "name": "VT2010", "signup_possible": false}}, {"pk": 2, "model": "baljan.semester", "fields": {"start": "2010-08-01", "made": "2010-10-11 14:14:44", "end": "2010-12-20", "name": "HT2010", "signup_possible": true}}, {"pk": 2, "model": "baljan.shift", "fields": {"early": false, "enabled": true, "semester": 1, "made": "2010-10-11 14:13:32", "when": "2010-01-01"}}, {"pk": 1, "model": "baljan.shift", "fields": {"early": true, "enabled": true, "semester": 1, "made": "2010-10-11 14:13:32", "when": "2010-01-01"}}, {"pk": 4, "model": "baljan.shift", "fields": {"early": false, "enabled": true, "semester": 1, "made": "2010-10-11 14:13:32", "when": "2010-01-04"}}, {"pk": 3, "model": "baljan.shift", "fields": {"early": true, "enabled": true, "semester": 1, "made": "2010-10-11 14:13:32", "when": "2010-01-04"}}, {"pk": 6, "model": "baljan.shift", "fields": {"early": false, "enabled": true, "semester": 1, "made": "2010-10-11 14:13:32", "when": "2010-01-05"}}, {"pk": 5, "model": "baljan.shift", "fields": {"early": true, "enabled": true, "semester": 1, "made": "2010-10-11 14:13:32", "when": "2010-01-05"}}, {"pk": 8, "model": "baljan.shift", "fields": {"early": false, "enabled": true, "semester": 1, "made": "2010-10-11 14:13:32", "when": "2010-01-06"}}, {"pk": 7, "model": "baljan.shift", "fields": {"early": true, "enabled": true, "semester": 1, "made": "2010-10-11 14:13:32", "when": "2010-01-06"}}, {"pk": 10, "model": "baljan.shift", "fields": {"early": false, "enabled": true, "semester": 1, "made": "2010-10-11 14:13:32", "when": "2010-01-07"}}, {"pk": 9, "model": "baljan.shift", "fields": {"early": true, "enabled": true, "semester": 1, "made": "2010-10-11 14:13:32", "when": "2010-01-07"}}, {"pk": 12, "model": "baljan.shift", "fields": {"early": false, "enabled": true, "semester": 1, "made": "2010-10-11 14:13:32", "when": "2010-01-08"}}, {"pk": 11, "model": "baljan.shift", "fields": {"early": true, "enabled": true, "semester": 1, "made": "2010-10-11 14:13:32", "when": "2010-01-08"}}, {"pk": 14, "model": "baljan.shift", "fields": {"early": false, "enabled": true, "semester": 1, "made": "2010-10-11 14:13:32", "when": "2010-01-11"}}, {"pk": 13, "model": "baljan.shift", "fields": {"early": true, "enabled": true, "semester": 1, "made": "2010-10-11 14:13:32", "when": "2010-01-11"}}, {"pk": 16, "model": "baljan.shift", "fields": {"early": false, "enabled": true, "semester": 1, "made": "2010-10-11 14:13:32", "when": "2010-01-12"}}, {"pk": 15, "model": "baljan.shift", "fields": {"early": true, "enabled": true, "semester": 1, "made": "2010-10-11 14:13:32", "when": "2010-01-12"}}, {"pk": 18, "model": "baljan.shift", "fields": {"early": false, "enabled": true, "semester": 1, "made": "2010-10-11 14:13:33", "when": "2010-01-13"}}, {"pk": 17, "model": "baljan.shift", "fields": {"early": true, "enabled": true, "semester": 1, "made": "2010-10-11 14:13:32", "when": "2010-01-13"}}, {"pk": 20, "model": "baljan.shift", "fields": {"early": false, "enabled": true, "semester": 1, "made": "2010-10-11 14:13:33", "when": "2010-01-14"}}, {"pk": 19, "model": "baljan.shift", "fields": {"early": true, "enabled": true, "semester": 1, "made": "2010-10-11 14:13:33", "when": "2010-01-14"}}, {"pk": 22, "model": "baljan.shift", "fields": {"early": false, "enabled": true, "semester": 1, "made": "2010-10-11 14:13:33", "when": "2010-01-15"}}, {"pk": 21, "model": "baljan.shift", "fields": {"early": true, "enabled": true, "semester": 1, "made": "2010-10-11 14:13:33", "when": "2010-01-15"}}, {"pk": 24, "model": "baljan.shift", "fields": {"early": false, "enabled": true, "semester": 1, "made": "2010-10-11 14:13:33", "when": "2010-01-18"}}, {"pk": 23, "model": "baljan.shift", "fields": {"early": true, "enabled": true, "semester": 1, "made": "2010-10-11 14:13:33", "when": "2010-01-18"}}, {"pk": 26, "model": "baljan.shift", "fields": {"early": false, "enabled": true, "semester": 1, "made": "2010-10-11 14:13:33", "when": "2010-01-19"}}, {"pk": 25, "model": "baljan.shift", "fields": {"early": true, "enabled": true, "semester": 1, "made": "2010-10-11 14:13:33", "when": "2010-01-19"}}, {"pk": 28, "model": "baljan.shift", "fields": {"early": false, "enabled": true, "semester": 1, "made": "2010-10-11 14:13:33", "when": "2010-01-20"}}, {"pk": 27, "model": "baljan.shift", "fields": {"early": true, "enabled": true, "semester": 1, "made": "2010-10-11 14:13:33", "when": "2010-01-20"}}, {"pk": 30, "model": "baljan.shift", "fields": {"early": false, "enabled": true, "semester": 1, "made": "2010-10-11 14:13:33", "when": "2010-01-21"}}, {"pk": 29, "model": "baljan.shift", "fields": {"early": true, "enabled": true, "semester": 1, "made": "2010-10-11 14:13:33", "when": "2010-01-21"}}, {"pk": 32, "model": "baljan.shift", "fields": {"early": false, "enabled": true, "semester": 1, "made": "2010-10-11 14:13:33", "when": "2010-01-22"}}, {"pk": 31, "model": "baljan.shift", "fields": {"early": true, "enabled": true, "semester": 1, "made": "2010-10-11 14:13:33", "when": "2010-01-22"}}, {"pk": 34, "model": "baljan.shift", "fields": {"early": false, "enabled": true, "semester": 1, "made": "2010-10-11 14:13:33", "when": "2010-01-25"}}, {"pk": 33, "model": "baljan.shift", "fields": {"early": true, "enabled": true, "semester": 1, "made": "2010-10-11 14:13:33", "when": "2010-01-25"}}, {"pk": 36, "model": "baljan.shift", "fields": {"early": false, "enabled": true, "semester": 1, "made": "2010-10-11 14:13:33", "when": "2010-01-26"}}, {"pk": 35, "model": "baljan.shift", "fields": {"early": true, "enabled": true, "semester": 1, "made": "2010-10-11 14:13:33", "when": "2010-01-26"}}, {"pk": 38, "model": "baljan.shift", "fields": {"early": false, "enabled": true, "semester": 1, "made": "2010-10-11 14:13:33", "when": "2010-01-27"}}, {"pk": 37, "model": "baljan.shift", "fields": {"early": true, "enabled": true, "semester": 1, "made": "2010-10-11 14:13:33", "when": "2010-01-27"}}, {"pk": 40, "model": "baljan.shift", "fields": {"early": false, "enabled": true, "semester": 1, "made": "2010-10-11 14:13:33", "when": "2010-01-28"}}, {"pk": 39, "model": "baljan.shift", "fields": {"early": true, "enabled": true, "semester": 1, "made": "2010-10-11 14:13:33", "when": "2010-01-28"}}, {"pk": 42, "model": "baljan.shift", "fields": {"early": false, "enabled": true, "semester": 1, "made": "2010-10-11 14:13:33", "when": "2010-01-29"}}, {"pk": 41, "model": "baljan.shift", "fields": {"early": true, "enabled": true, "semester": 1, "made": "2010-10-11 14:13:33", "when": "2010-01-29"}}, {"pk": 44, "model": "baljan.shift", "fields": {"early": false, "enabled": true, "semester": 1, "made": "2010-10-11 14:13:33", "when": "2010-02-01"}}, {"pk": 43, "model": "baljan.shift", "fields": {"early": true, "enabled": true, "semester": 1, "made": "2010-10-11 14:13:33", "when": "2010-02-01"}}, {"pk": 46, "model": "baljan.shift", "fields": {"early": false, "enabled": true, "semester": 1, "made": "2010-10-11 14:13:33", "when": "2010-02-02"}}, {"pk": 45, "model": "baljan.shift", "fields": {"early": true, "enabled": true, "semester": 1, "made": "2010-10-11 14:13:33", "when": "2010-02-02"}}, {"pk": 48, "model": "baljan.shift", "fields": {"early": false, "enabled": true, "semester": 1, "made": "2010-10-11 14:13:34", "when": "2010-02-03"}}, {"pk": 47, "model": "baljan.shift", "fields": {"early": true, "enabled": true, "semester": 1, "made": "2010-10-11 14:13:33", "when": "2010-02-03"}}, {"pk": 50, "model": "baljan.shift", "fields": {"early": false, "enabled": true, "semester": 1, "made": "2010-10-11 14:13:34", "when": "2010-02-04"}}, {"pk": 49, "model": "baljan.shift", "fields": {"early": true, "enabled": true, "semester": 1, "made": "2010-10-11 14:13:34", "when": "2010-02-04"}}, {"pk": 52, "model": "baljan.shift", "fields": {"early": false, "enabled": true, "semester": 1, "made": "2010-10-11 14:13:34", "when": "2010-02-05"}}, {"pk": 51, "model": "baljan.shift", "fields": {"early": true, "enabled": true, "semester": 1, "made": "2010-10-11 14:13:34", "when": "2010-02-05"}}, {"pk": 54, "model": "baljan.shift", "fields": {"early": false, "enabled": true, "semester": 1, "made": "2010-10-11 14:13:34", "when": "2010-02-08"}}, {"pk": 53, "model": "baljan.shift", "fields": {"early": true, "enabled": true, "semester": 1, "made": "2010-10-11 14:13:34", "when": "2010-02-08"}}, {"pk": 56, "model": "baljan.shift", "fields": {"early": false, "enabled": true, "semester": 1, "made": "2010-10-11 14:13:34", "when": "2010-02-09"}}, {"pk": 55, "model": "baljan.shift", "fields": {"early": true, "enabled": true, "semester": 1, "made": "2010-10-11 14:13:34", "when": "2010-02-09"}}, {"pk": 58, "model": "baljan.shift", "fields": {"early": false, "enabled": true, "semester": 1, "made": "2010-10-11 14:13:34", "when": "2010-02-10"}}, {"pk": 57, "model": "baljan.shift", "fields": {"early": true, "enabled": true, "semester": 1, "made": "2010-10-11 14:13:34", "when": "2010-02-10"}}, {"pk": 60, "model": "baljan.shift", "fields": {"early": false, "enabled": true, "semester": 1, "made": "2010-10-11 14:13:34", "when": "2010-02-11"}}, {"pk": 59, "model": "baljan.shift", "fields": {"early": true, "enabled": true, "semester": 1, "made": "2010-10-11 14:13:34", "when": "2010-02-11"}}, {"pk": 62, "model": "baljan.shift", "fields": {"early": false, "enabled": true, "semester": 1, "made": "2010-10-11 14:13:34", "when": "2010-02-12"}}, {"pk": 61, "model": "baljan.shift", "fields": {"early": true, "enabled": true, "semester": 1, "made": "2010-10-11 14:13:34", "when": "2010-02-12"}}, {"pk": 64, "model": "baljan.shift", "fields": {"early": false, "enabled": true, "semester": 1, "made": "2010-10-11 14:13:34", "when": "2010-02-15"}}, {"pk": 63, "model": "baljan.shift", "fields": {"early": true, "enabled": true, "semester": 1, "made": "2010-10-11 14:13:34", "when": "2010-02-15"}}, {"pk": 66, "model": "baljan.shift", "fields": {"early": false, "enabled": true, "semester": 1, "made": "2010-10-11 14:13:34", "when": "2010-02-16"}}, {"pk": 65, "model": "baljan.shift", "fields": {"early": true, "enabled": true, "semester": 1, "made": "2010-10-11 14:13:34", "when": "2010-02-16"}}, {"pk": 68, "model": "baljan.shift", "fields": {"early": false, "enabled": true, "semester": 1, "made": "2010-10-11 14:13:34", "when": "2010-02-17"}}, {"pk": 67, "model": "baljan.shift", "fields": {"early": true, "enabled": true, "semester": 1, "made": "2010-10-11 14:13:34", "when": "2010-02-17"}}, {"pk": 70, "model": "baljan.shift", "fields": {"early": false, "enabled": true, "semester": 1, "made": "2010-10-11 14:13:34", "when": "2010-02-18"}}, {"pk": 69, "model": "baljan.shift", "fields": {"early": true, "enabled": true, "semester": 1, "made": "2010-10-11 14:13:34", "when": "2010-02-18"}}, {"pk": 72, "model": "baljan.shift", "fields": {"early": false, "enabled": true, "semester": 1, "made": "2010-10-11 14:13:34", "when": "2010-02-19"}}, {"pk": 71, "model": "baljan.shift", "fields": {"early": true, "enabled": true, "semester": 1, "made": "2010-10-11 14:13:34", "when": "2010-02-19"}}, {"pk": 74, "model": "baljan.shift", "fields": {"early": false, "enabled": true, "semester": 1, "made": "2010-10-11 14:13:34", "when": "2010-02-22"}}, {"pk": 73, "model": "baljan.shift", "fields": {"early": true, "enabled": true, "semester": 1, "made": "2010-10-11 14:13:34", "when": "2010-02-22"}}, {"pk": 76, "model": "baljan.shift", "fields": {"early": false, "enabled": true, "semester": 1, "made": "2010-10-11 14:13:34", "when": "2010-02-23"}}, {"pk": 75, "model": "baljan.shift", "fields": {"early": true, "enabled": true, "semester": 1, "made": "2010-10-11 14:13:34", "when": "2010-02-23"}}, {"pk": 78, "model": "baljan.shift", "fields": {"early": false, "enabled": true, "semester": 1, "made": "2010-10-11 14:13:35", "when": "2010-02-24"}}, {"pk": 77, "model": "baljan.shift", "fields": {"early": true, "enabled": true, "semester": 1, "made": "2010-10-11 14:13:35", "when": "2010-02-24"}}, {"pk": 80, "model": "baljan.shift", "fields": {"early": false, "enabled": true, "semester": 1, "made": "2010-10-11 14:13:35", "when": "2010-02-25"}}, {"pk": 79, "model": "baljan.shift", "fields": {"early": true, "enabled": true, "semester": 1, "made": "2010-10-11 14:13:35", "when": "2010-02-25"}}, {"pk": 82, "model": "baljan.shift", "fields": {"early": false, "enabled": true, "semester": 1, "made": "2010-10-11 14:13:35", "when": "2010-02-26"}}, {"pk": 81, "model": "baljan.shift", "fields": {"early": true, "enabled": true, "semester": 1, "made": "2010-10-11 14:13:35", "when": "2010-02-26"}}, {"pk": 84, "model": "baljan.shift", "fields": {"early": false, "enabled": true, "semester": 1, "made": "2010-10-11 14:13:35", "when": "2010-03-01"}}, {"pk": 83, "model": "baljan.shift", "fields": {"early": true, "enabled": true, "semester": 1, "made": "2010-10-11 14:13:35", "when": "2010-03-01"}}, {"pk": 86, "model": "baljan.shift", "fields": {"early": false, "enabled": true, "semester": 1, "made": "2010-10-11 14:13:35", "when": "2010-03-02"}}, {"pk": 85, "model": "baljan.shift", "fields": {"early": true, "enabled": true, "semester": 1, "made": "2010-10-11 14:13:35", "when": "2010-03-02"}}, {"pk": 88, "model": "baljan.shift", "fields": {"early": false, "enabled": true, "semester": 1, "made": "2010-10-11 14:13:35", "when": "2010-03-03"}}, {"pk": 87, "model": "baljan.shift", "fields": {"early": true, "enabled": true, "semester": 1, "made": "2010-10-11 14:13:35", "when": "2010-03-03"}}, {"pk": 90, "model": "baljan.shift", "fields": {"early": false, "enabled": true, "semester": 1, "made": "2010-10-11 14:13:35", "when": "2010-03-04"}}, {"pk": 89, "model": "baljan.shift", "fields": {"early": true, "enabled": true, "semester": 1, "made": "2010-10-11 14:13:35", "when": "2010-03-04"}}, {"pk": 92, "model": "baljan.shift", "fields": {"early": false, "enabled": true, "semester": 1, "made": "2010-10-11 14:13:35", "when": "2010-03-05"}}, {"pk": 91, "model": "baljan.shift", "fields": {"early": true, "enabled": true, "semester": 1, "made": "2010-10-11 14:13:35", "when": "2010-03-05"}}, {"pk": 94, "model": "baljan.shift", "fields": {"early": false, "enabled": true, "semester": 1, "made": "2010-10-11 14:13:35", "when": "2010-03-08"}}, {"pk": 93, "model": "baljan.shift", "fields": {"early": true, "enabled": true, "semester": 1, "made": "2010-10-11 14:13:35", "when": "2010-03-08"}}, {"pk": 96, "model": "baljan.shift", "fields": {"early": false, "enabled": true, "semester": 1, "made": "2010-10-11 14:13:35", "when": "2010-03-09"}}, {"pk": 95, "model": "baljan.shift", "fields": {"early": true, "enabled": true, "semester": 1, "made": "2010-10-11 14:13:35", "when": "2010-03-09"}}, {"pk": 98, "model": "baljan.shift", "fields": {"early": false, "enabled": true, "semester": 1, "made": "2010-10-11 14:13:35", "when": "2010-03-10"}}, {"pk": 97, "model": "baljan.shift", "fields": {"early": true, "enabled": true, "semester": 1, "made": "2010-10-11 14:13:35", "when": "2010-03-10"}}, {"pk": 100, "model": "baljan.shift", "fields": {"early": false, "enabled": true, "semester": 1, "made": "2010-10-11 14:13:35", "when": "2010-03-11"}}, {"pk": 99, "model": "baljan.shift", "fields": {"early": true, "enabled": true, "semester": 1, "made": "2010-10-11 14:13:35", "when": "2010-03-11"}}, {"pk": 102, "model": "baljan.shift", "fields": {"early": false, "enabled": true, "semester": 1, "made": "2010-10-11 14:13:35", "when": "2010-03-12"}}, {"pk": 101, "model": "baljan.shift", "fields": {"early": true, "enabled": true, "semester": 1, "made": "2010-10-11 14:13:35", "when": "2010-03-12"}}, {"pk": 104, "model": "baljan.shift", "fields": {"early": false, "enabled": true, "semester": 1, "made": "2010-10-11 14:13:35", "when": "2010-03-15"}}, {"pk": 103, "model": "baljan.shift", "fields": {"early": true, "enabled": true, "semester": 1, "made": "2010-10-11 14:13:35", "when": "2010-03-15"}}, {"pk": 106, "model": "baljan.shift", "fields": {"early": false, "enabled": true, "semester": 1, "made": "2010-10-11 14:13:36", "when": "2010-03-16"}}, {"pk": 105, "model": "baljan.shift", "fields": {"early": true, "enabled": true, "semester": 1, "made": "2010-10-11 14:13:35", "when": "2010-03-16"}}, {"pk": 108, "model": "baljan.shift", "fields": {"early": false, "enabled": true, "semester": 1, "made": "2010-10-11 14:13:36", "when": "2010-03-17"}}, {"pk": 107, "model": "baljan.shift", "fields": {"early": true, "enabled": true, "semester": 1, "made": "2010-10-11 14:13:36", "when": "2010-03-17"}}, {"pk": 110, "model": "baljan.shift", "fields": {"early": false, "enabled": true, "semester": 1, "made": "2010-10-11 14:13:36", "when": "2010-03-18"}}, {"pk": 109, "model": "baljan.shift", "fields": {"early": true, "enabled": true, "semester": 1, "made": "2010-10-11 14:13:36", "when": "2010-03-18"}}, {"pk": 112, "model": "baljan.shift", "fields": {"early": false, "enabled": true, "semester": 1, "made": "2010-10-11 14:13:36", "when": "2010-03-19"}}, {"pk": 111, "model": "baljan.shift", "fields": {"early": true, "enabled": true, "semester": 1, "made": "2010-10-11 14:13:36", "when": "2010-03-19"}}, {"pk": 114, "model": "baljan.shift", "fields": {"early": false, "enabled": true, "semester": 1, "made": "2010-10-11 14:13:36", "when": "2010-03-22"}}, {"pk": 113, "model": "baljan.shift", "fields": {"early": true, "enabled": true, "semester": 1, "made": "2010-10-11 14:13:36", "when": "2010-03-22"}}, {"pk": 116, "model": "baljan.shift", "fields": {"early": false, "enabled": true, "semester": 1, "made": "2010-10-11 14:13:36", "when": "2010-03-23"}}, {"pk": 115, "model": "baljan.shift", "fields": {"early": true, "enabled": true, "semester": 1, "made": "2010-10-11 14:13:36", "when": "2010-03-23"}}, {"pk": 118, "model": "baljan.shift", "fields": {"early": false, "enabled": true, "semester": 1, "made": "2010-10-11 14:13:36", "when": "2010-03-24"}}, {"pk": 117, "model": "baljan.shift", "fields": {"early": true, "enabled": true, "semester": 1, "made": "2010-10-11 14:13:36", "when": "2010-03-24"}}, {"pk": 120, "model": "baljan.shift", "fields": {"early": false, "enabled": true, "semester": 1, "made": "2010-10-11 14:13:36", "when": "2010-03-25"}}, {"pk": 119, "model": "baljan.shift", "fields": {"early": true, "enabled": true, "semester": 1, "made": "2010-10-11 14:13:36", "when": "2010-03-25"}}, {"pk": 122, "model": "baljan.shift", "fields": {"early": false, "enabled": true, "semester": 1, "made": "2010-10-11 14:13:36", "when": "2010-03-26"}}, {"pk": 121, "model": "baljan.shift", "fields": {"early": true, "enabled": true, "semester": 1, "made": "2010-10-11 14:13:36", "when": "2010-03-26"}}, {"pk": 124, "model": "baljan.shift", "fields": {"early": false, "enabled": true, "semester": 1, "made": "2010-10-11 14:13:36", "when": "2010-03-29"}}, {"pk": 123, "model": "baljan.shift", "fields": {"early": true, "enabled": true, "semester": 1, "made": "2010-10-11 14:13:36", "when": "2010-03-29"}}, {"pk": 126, "model": "baljan.shift", "fields": {"early": false, "enabled": true, "semester": 1, "made": "2010-10-11 14:13:36", "when": "2010-03-30"}}, {"pk": 125, "model": "baljan.shift", "fields": {"early": true, "enabled": true, "semester": 1, "made": "2010-10-11 14:13:36", "when": "2010-03-30"}}, {"pk": 128, "model": "baljan.shift", "fields": {"early": false, "enabled": true, "semester": 1, "made": "2010-10-11 14:13:36", "when": "2010-03-31"}}, {"pk": 127, "model": "baljan.shift", "fields": {"early": true, "enabled": true, "semester": 1, "made": "2010-10-11 14:13:36", "when": "2010-03-31"}}, {"pk": 130, "model": "baljan.shift", "fields": {"early": false, "enabled": true, "semester": 1, "made": "2010-10-11 14:13:36", "when": "2010-04-01"}}, {"pk": 129, "model": "baljan.shift", "fields": {"early": true, "enabled": true, "semester": 1, "made": "2010-10-11 14:13:36", "when": "2010-04-01"}}, {"pk": 132, "model": "baljan.shift", "fields": {"early": false, "enabled": true, "semester": 1, "made": "2010-10-11 14:13:36", "when": "2010-04-02"}}, {"pk": 131, "model": "baljan.shift", "fields": {"early": true, "enabled": true, "semester": 1, "made": "2010-10-11 14:13:36", "when": "2010-04-02"}}, {"pk": 134, "model": "baljan.shift", "fields": {"early": false, "enabled": true, "semester": 1, "made": "2010-10-11 14:13:36", "when": "2010-04-05"}}, {"pk": 133, "model": "baljan.shift", "fields": {"early": true, "enabled": true, "semester": 1, "made": "2010-10-11 14:13:36", "when": "2010-04-05"}}, {"pk": 136, "model": "baljan.shift", "fields": {"early": false, "enabled": true, "semester": 1, "made": "2010-10-11 14:13:37", "when": "2010-04-06"}}, {"pk": 135, "model": "baljan.shift", "fields": {"early": true, "enabled": true, "semester": 1, "made": "2010-10-11 14:13:37", "when": "2010-04-06"}}, {"pk": 138, "model": "baljan.shift", "fields": {"early": false, "enabled": true, "semester": 1, "made": "2010-10-11 14:13:37", "when": "2010-04-07"}}, {"pk": 137, "model": "baljan.shift", "fields": {"early": true, "enabled": true, "semester": 1, "made": "2010-10-11 14:13:37", "when": "2010-04-07"}}, {"pk": 140, "model": "baljan.shift", "fields": {"early": false, "enabled": true, "semester": 1, "made": "2010-10-11 14:13:37", "when": "2010-04-08"}}, {"pk": 139, "model": "baljan.shift", "fields": {"early": true, "enabled": true, "semester": 1, "made": "2010-10-11 14:13:37", "when": "2010-04-08"}}, {"pk": 142, "model": "baljan.shift", "fields": {"early": false, "enabled": true, "semester": 1, "made": "2010-10-11 14:13:37", "when": "2010-04-09"}}, {"pk": 141, "model": "baljan.shift", "fields": {"early": true, "enabled": true, "semester": 1, "made": "2010-10-11 14:13:37", "when": "2010-04-09"}}, {"pk": 144, "model": "baljan.shift", "fields": {"early": false, "enabled": true, "semester": 1, "made": "2010-10-11 14:13:37", "when": "2010-04-12"}}, {"pk": 143, "model": "baljan.shift", "fields": {"early": true, "enabled": true, "semester": 1, "made": "2010-10-11 14:13:37", "when": "2010-04-12"}}, {"pk": 146, "model": "baljan.shift", "fields": {"early": false, "enabled": true, "semester": 1, "made": "2010-10-11 14:13:37", "when": "2010-04-13"}}, {"pk": 145, "model": "baljan.shift", "fields": {"early": true, "enabled": true, "semester": 1, "made": "2010-10-11 14:13:37", "when": "2010-04-13"}}, {"pk": 148, "model": "baljan.shift", "fields": {"early": false, "enabled": true, "semester": 1, "made": "2010-10-11 14:13:37", "when": "2010-04-14"}}, {"pk": 147, "model": "baljan.shift", "fields": {"early": true, "enabled": true, "semester": 1, "made": "2010-10-11 14:13:37", "when": "2010-04-14"}}, {"pk": 150, "model": "baljan.shift", "fields": {"early": false, "enabled": true, "semester": 1, "made": "2010-10-11 14:13:37", "when": "2010-04-15"}}, {"pk": 149, "model": "baljan.shift", "fields": {"early": true, "enabled": true, "semester": 1, "made": "2010-10-11 14:13:37", "when": "2010-04-15"}}, {"pk": 152, "model": "baljan.shift", "fields": {"early": false, "enabled": true, "semester": 1, "made": "2010-10-11 14:13:37", "when": "2010-04-16"}}, {"pk": 151, "model": "baljan.shift", "fields": {"early": true, "enabled": true, "semester": 1, "made": "2010-10-11 14:13:37", "when": "2010-04-16"}}, {"pk": 154, "model": "baljan.shift", "fields": {"early": false, "enabled": true, "semester": 1, "made": "2010-10-11 14:13:37", "when": "2010-04-19"}}, {"pk": 153, "model": "baljan.shift", "fields": {"early": true, "enabled": true, "semester": 1, "made": "2010-10-11 14:13:37", "when": "2010-04-19"}}, {"pk": 156, "model": "baljan.shift", "fields": {"early": false, "enabled": true, "semester": 1, "made": "2010-10-11 14:13:37", "when": "2010-04-20"}}, {"pk": 155, "model": "baljan.shift", "fields": {"early": true, "enabled": true, "semester": 1, "made": "2010-10-11 14:13:37", "when": "2010-04-20"}}, {"pk": 158, "model": "baljan.shift", "fields": {"early": false, "enabled": true, "semester": 1, "made": "2010-10-11 14:13:37", "when": "2010-04-21"}}, {"pk": 157, "model": "baljan.shift", "fields": {"early": true, "enabled": true, "semester": 1, "made": "2010-10-11 14:13:37", "when": "2010-04-21"}}, {"pk": 160, "model": "baljan.shift", "fields": {"early": false, "enabled": true, "semester": 1, "made": "2010-10-11 14:13:37", "when": "2010-04-22"}}, {"pk": 159, "model": "baljan.shift", "fields": {"early": true, "enabled": true, "semester": 1, "made": "2010-10-11 14:13:37", "when": "2010-04-22"}}, {"pk": 162, "model": "baljan.shift", "fields": {"early": false, "enabled": true, "semester": 1, "made": "2010-10-11 14:13:37", "when": "2010-04-23"}}, {"pk": 161, "model": "baljan.shift", "fields": {"early": true, "enabled": true, "semester": 1, "made": "2010-10-11 14:13:37", "when": "2010-04-23"}}, {"pk": 164, "model": "baljan.shift", "fields": {"early": false, "enabled": true, "semester": 1, "made": "2010-10-11 14:13:38", "when": "2010-04-26"}}, {"pk": 163, "model": "baljan.shift", "fields": {"early": true, "enabled": true, "semester": 1, "made": "2010-10-11 14:13:38", "when": "2010-04-26"}}, {"pk": 166, "model": "baljan.shift", "fields": {"early": false, "enabled": true, "semester": 1, "made": "2010-10-11 14:13:38", "when": "2010-04-27"}}, {"pk": 165, "model": "baljan.shift", "fields": {"early": true, "enabled": true, "semester": 1, "made": "2010-10-11 14:13:38", "when": "2010-04-27"}}, {"pk": 168, "model": "baljan.shift", "fields": {"early": false, "enabled": true, "semester": 1, "made": "2010-10-11 14:13:38", "when": "2010-04-28"}}, {"pk": 167, "model": "baljan.shift", "fields": {"early": true, "enabled": true, "semester": 1, "made": "2010-10-11 14:13:38", "when": "2010-04-28"}}, {"pk": 170, "model": "baljan.shift", "fields": {"early": false, "enabled": true, "semester": 1, "made": "2010-10-11 14:13:38", "when": "2010-04-29"}}, {"pk": 169, "model": "baljan.shift", "fields": {"early": true, "enabled": true, "semester": 1, "made": "2010-10-11 14:13:38", "when": "2010-04-29"}}, {"pk": 172, "model": "baljan.shift", "fields": {"early": false, "enabled": true, "semester": 1, "made": "2010-10-11 14:13:38", "when": "2010-04-30"}}, {"pk": 171, "model": "baljan.shift", "fields": {"early": true, "enabled": true, "semester": 1, "made": "2010-10-11 14:13:38", "when": "2010-04-30"}}, {"pk": 174, "model": "baljan.shift", "fields": {"early": false, "enabled": true, "semester": 1, "made": "2010-10-11 14:13:38", "when": "2010-05-03"}}, {"pk": 173, "model": "baljan.shift", "fields": {"early": true, "enabled": true, "semester": 1, "made": "2010-10-11 14:13:38", "when": "2010-05-03"}}, {"pk": 176, "model": "baljan.shift", "fields": {"early": false, "enabled": true, "semester": 1, "made": "2010-10-11 14:13:38", "when": "2010-05-04"}}, {"pk": 175, "model": "baljan.shift", "fields": {"early": true, "enabled": true, "semester": 1, "made": "2010-10-11 14:13:38", "when": "2010-05-04"}}, {"pk": 178, "model": "baljan.shift", "fields": {"early": false, "enabled": true, "semester": 1, "made": "2010-10-11 14:13:38", "when": "2010-05-05"}}, {"pk": 177, "model": "baljan.shift", "fields": {"early": true, "enabled": true, "semester": 1, "made": "2010-10-11 14:13:38", "when": "2010-05-05"}}, {"pk": 180, "model": "baljan.shift", "fields": {"early": false, "enabled": true, "semester": 1, "made": "2010-10-11 14:13:38", "when": "2010-05-06"}}, {"pk": 179, "model": "baljan.shift", "fields": {"early": true, "enabled": true, "semester": 1, "made": "2010-10-11 14:13:38", "when": "2010-05-06"}}, {"pk": 182, "model": "baljan.shift", "fields": {"early": false, "enabled": true, "semester": 1, "made": "2010-10-11 14:13:38", "when": "2010-05-07"}}, {"pk": 181, "model": "baljan.shift", "fields": {"early": true, "enabled": true, "semester": 1, "made": "2010-10-11 14:13:38", "when": "2010-05-07"}}, {"pk": 184, "model": "baljan.shift", "fields": {"early": false, "enabled": true, "semester": 1, "made": "2010-10-11 14:13:38", "when": "2010-05-10"}}, {"pk": 183, "model": "baljan.shift", "fields": {"early": true, "enabled": true, "semester": 1, "made": "2010-10-11 14:13:38", "when": "2010-05-10"}}, {"pk": 186, "model": "baljan.shift", "fields": {"early": false, "enabled": true, "semester": 1, "made": "2010-10-11 14:13:38", "when": "2010-05-11"}}, {"pk": 185, "model": "baljan.shift", "fields": {"early": true, "enabled": true, "semester": 1, "made": "2010-10-11 14:13:38", "when": "2010-05-11"}}, {"pk": 188, "model": "baljan.shift", "fields": {"early": false, "enabled": true, "semester": 1, "made": "2010-10-11 14:13:38", "when": "2010-05-12"}}, {"pk": 187, "model": "baljan.shift", "fields": {"early": true, "enabled": true, "semester": 1, "made": "2010-10-11 14:13:38", "when": "2010-05-12"}}, {"pk": 190, "model": "baljan.shift", "fields": {"early": false, "enabled": true, "semester": 1, "made": "2010-10-11 14:13:38", "when": "2010-05-13"}}, {"pk": 189, "model": "baljan.shift", "fields": {"early": true, "enabled": true, "semester": 1, "made": "2010-10-11 14:13:38", "when": "2010-05-13"}}, {"pk": 192, "model": "baljan.shift", "fields": {"early": false, "enabled": true, "semester": 1, "made": "2010-10-11 14:13:39", "when": "2010-05-14"}}, {"pk": 191, "model": "baljan.shift", "fields": {"early": true, "enabled": true, "semester": 1, "made": "2010-10-11 14:13:38", "when": "2010-05-14"}}, {"pk": 194, "model": "baljan.shift", "fields": {"early": false, "enabled": true, "semester": 1, "made": "2010-10-11 14:13:39", "when": "2010-05-17"}}, {"pk": 193, "model": "baljan.shift", "fields": {"early": true, "enabled": true, "semester": 1, "made": "2010-10-11 14:13:39", "when": "2010-05-17"}}, {"pk": 196, "model": "baljan.shift", "fields": {"early": false, "enabled": true, "semester": 1, "made": "2010-10-11 14:13:39", "when": "2010-05-18"}}, {"pk": 195, "model": "baljan.shift", "fields": {"early": true, "enabled": true, "semester": 1, "made": "2010-10-11 14:13:39", "when": "2010-05-18"}}, {"pk": 198, "model": "baljan.shift", "fields": {"early": false, "enabled": true, "semester": 1, "made": "2010-10-11 14:13:39", "when": "2010-05-19"}}, {"pk": 197, "model": "baljan.shift", "fields": {"early": true, "enabled": true, "semester": 1, "made": "2010-10-11 14:13:39", "when": "2010-05-19"}}, {"pk": 200, "model": "baljan.shift", "fields": {"early": false, "enabled": true, "semester": 1, "made": "2010-10-11 14:13:39", "when": "2010-05-20"}}, {"pk": 199, "model": "baljan.shift", "fields": {"early": true, "enabled": true, "semester": 1, "made": "2010-10-11 14:13:39", "when": "2010-05-20"}}, {"pk": 202, "model": "baljan.shift", "fields": {"early": false, "enabled": true, "semester": 1, "made": "2010-10-11 14:13:39", "when": "2010-05-21"}}, {"pk": 201, "model": "baljan.shift", "fields": {"early": true, "enabled": true, "semester": 1, "made": "2010-10-11 14:13:39", "when": "2010-05-21"}}, {"pk": 204, "model": "baljan.shift", "fields": {"early": false, "enabled": true, "semester": 1, "made": "2010-10-11 14:13:39", "when": "2010-05-24"}}, {"pk": 203, "model": "baljan.shift", "fields": {"early": true, "enabled": true, "semester": 1, "made": "2010-10-11 14:13:39", "when": "2010-05-24"}}, {"pk": 206, "model": "baljan.shift", "fields": {"early": false, "enabled": true, "semester": 1, "made": "2010-10-11 14:13:39", "when": "2010-05-25"}}, {"pk": 205, "model": "baljan.shift", "fields": {"early": true, "enabled": true, "semester": 1, "made": "2010-10-11 14:13:39", "when": "2010-05-25"}}, {"pk": 208, "model": "baljan.shift", "fields": {"early": false, "enabled": true, "semester": 1, "made": "2010-10-11 14:13:39", "when": "2010-05-26"}}, {"pk": 207, "model": "baljan.shift", "fields": {"early": true, "enabled": true, "semester": 1, "made": "2010-10-11 14:13:39", "when": "2010-05-26"}}, {"pk": 210, "model": "baljan.shift", "fields": {"early": false, "enabled": true, "semester": 1, "made": "2010-10-11 14:13:39", "when": "2010-05-27"}}, {"pk": 209, "model": "baljan.shift", "fields": {"early": true, "enabled": true, "semester": 1, "made": "2010-10-11 14:13:39", "when": "2010-05-27"}}, {"pk": 212, "model": "baljan.shift", "fields": {"early": false, "enabled": true, "semester": 1, "made": "2010-10-11 14:13:39", "when": "2010-05-28"}}, {"pk": 211, "model": "baljan.shift", "fields": {"early": true, "enabled": true, "semester": 1, "made": "2010-10-11 14:13:39", "when": "2010-05-28"}}, {"pk": 214, "model": "baljan.shift", "fields": {"early": false, "enabled": true, "semester": 1, "made": "2010-10-11 14:13:39", "when": "2010-05-31"}}, {"pk": 213, "model": "baljan.shift", "fields": {"early": true, "enabled": true, "semester": 1, "made": "2010-10-11 14:13:39", "when": "2010-05-31"}}, {"pk": 216, "model": "baljan.shift", "fields": {"early": false, "enabled": true, "semester": 1, "made": "2010-10-11 14:13:39", "when": "2010-06-01"}}, {"pk": 215, "model": "baljan.shift", "fields": {"early": true, "enabled": true, "semester": 1, "made": "2010-10-11 14:13:39", "when": "2010-06-01"}}, {"pk": 218, "model": "baljan.shift", "fields": {"early": false, "enabled": true, "semester": 1, "made": "2010-10-11 14:13:39", "when": "2010-06-02"}}, {"pk": 217, "model": "baljan.shift", "fields": {"early": true, "enabled": true, "semester": 1, "made": "2010-10-11 14:13:39", "when": "2010-06-02"}}, {"pk": 220, "model": "baljan.shift", "fields": {"early": false, "enabled": true, "semester": 1, "made": "2010-10-11 14:13:40", "when": "2010-06-03"}}, {"pk": 219, "model": "baljan.shift", "fields": {"early": true, "enabled": true, "semester": 1, "made": "2010-10-11 14:13:39", "when": "2010-06-03"}}, {"pk": 222, "model": "baljan.shift", "fields": {"early": false, "enabled": true, "semester": 1, "made": "2010-10-11 14:13:40", "when": "2010-06-04"}}, {"pk": 221, "model": "baljan.shift", "fields": {"early": true, "enabled": true, "semester": 1, "made": "2010-10-11 14:13:40", "when": "2010-06-04"}}, {"pk": 224, "model": "baljan.shift", "fields": {"early": false, "enabled": true, "semester": 1, "made": "2010-10-11 14:13:40", "when": "2010-06-07"}}, {"pk": 223, "model": "baljan.shift", "fields": {"early": true, "enabled": true, "semester": 1, "made": "2010-10-11 14:13:40", "when": "2010-06-07"}}, {"pk": 226, "model": "baljan.shift", "fields": {"early": false, "enabled": true, "semester": 1, "made": "2010-10-11 14:13:40", "when": "2010-06-08"}}, {"pk": 225, "model": "baljan.shift", "fields": {"early": true, "enabled": true, "semester": 1, "made": "2010-10-11 14:13:40", "when": "2010-06-08"}}, {"pk": 228, "model": "baljan.shift", "fields": {"early": false, "enabled": true, "semester": 1, "made": "2010-10-11 14:13:40", "when": "2010-06-09"}}, {"pk": 227, "model": "baljan.shift", "fields": {"early": true, "enabled": true, "semester": 1, "made": "2010-10-11 14:13:40", "when": "2010-06-09"}}, {"pk": 230, "model": "baljan.shift", "fields": {"early": false, "enabled": true, "semester": 1, "made": "2010-10-11 14:13:40", "when": "2010-06-10"}}, {"pk": 229, "model": "baljan.shift", "fields": {"early": true, "enabled": true, "semester": 1, "made": "2010-10-11 14:13:40", "when": "2010-06-10"}}, {"pk": 232, "model": "baljan.shift", "fields": {"early": false, "enabled": true, "semester": 1, "made": "2010-10-11 14:13:40", "when": "2010-06-11"}}, {"pk": 231, "model": "baljan.shift", "fields": {"early": true, "enabled": true, "semester": 1, "made": "2010-10-11 14:13:40", "when": "2010-06-11"}}, {"pk": 234, "model": "baljan.shift", "fields": {"early": false, "enabled": true, "semester": 1, "made": "2010-10-11 14:13:40", "when": "2010-06-14"}}, {"pk": 233, "model": "baljan.shift", "fields": {"early": true, "enabled": true, "semester": 1, "made": "2010-10-11 14:13:40", "when": "2010-06-14"}}, {"pk": 236, "model": "baljan.shift", "fields": {"early": false, "enabled": true, "semester": 1, "made": "2010-10-11 14:13:40", "when": "2010-06-15"}}, {"pk": 235, "model": "baljan.shift", "fields": {"early": true, "enabled": true, "semester": 1, "made": "2010-10-11 14:13:40", "when": "2010-06-15"}}, {"pk": 238, "model": "baljan.shift", "fields": {"early": false, "enabled": true, "semester": 1, "made": "2010-10-11 14:13:40", "when": "2010-06-16"}}, {"pk": 237, "model": "baljan.shift", "fields": {"early": true, "enabled": true, "semester": 1, "made": "2010-10-11 14:13:40", "when": "2010-06-16"}}, {"pk": 240, "model": "baljan.shift", "fields": {"early": false, "enabled": true, "semester": 1, "made": "2010-10-11 14:13:40", "when": "2010-06-17"}}, {"pk": 239, "model": "baljan.shift", "fields": {"early": true, "enabled": true, "semester": 1, "made": "2010-10-11 14:13:40", "when": "2010-06-17"}}, {"pk": 242, "model": "baljan.shift", "fields": {"early": false, "enabled": true, "semester": 1, "made": "2010-10-11 14:13:40", "when": "2010-06-18"}}, {"pk": 241, "model": "baljan.shift", "fields": {"early": true, "enabled": true, "semester": 1, "made": "2010-10-11 14:13:40", "when": "2010-06-18"}}, {"pk": 244, "model": "baljan.shift", "fields": {"early": false, "enabled": true, "semester": 1, "made": "2010-10-11 14:13:40", "when": "2010-06-21"}}, {"pk": 243, "model": "baljan.shift", "fields": {"early": true, "enabled": true, "semester": 1, "made": "2010-10-11 14:13:40", "when": "2010-06-21"}}, {"pk": 246, "model": "baljan.shift", "fields": {"early": false, "enabled": true, "semester": 1, "made": "2010-10-11 14:13:40", "when": "2010-06-22"}}, {"pk": 245, "model": "baljan.shift", "fields": {"early": true, "enabled": true, "semester": 1, "made": "2010-10-11 14:13:40", "when": "2010-06-22"}}, {"pk": 248, "model": "baljan.shift", "fields": {"early": false, "enabled": true, "semester": 1, "made": "2010-10-11 14:13:41", "when": "2010-06-23"}}, {"pk": 247, "model": "baljan.shift", "fields": {"early": true, "enabled": true, "semester": 1, "made": "2010-10-11 14:13:40", "when": "2010-06-23"}}, {"pk": 250, "model": "baljan.shift", "fields": {"early": false, "enabled": true, "semester": 1, "made": "2010-10-11 14:13:41", "when": "2010-06-24"}}, {"pk": 249, "model": "baljan.shift", "fields": {"early": true, "enabled": true, "semester": 1, "made": "2010-10-11 14:13:41", "when": "2010-06-24"}}, {"pk": 252, "model": "baljan.shift", "fields": {"early": false, "enabled": true, "semester": 1, "made": "2010-10-11 14:13:41", "when": "2010-06-25"}}, {"pk": 251, "model": "baljan.shift", "fields": {"early": true, "enabled": true, "semester": 1, "made": "2010-10-11 14:13:41", "when": "2010-06-25"}}, {"pk": 254, "model": "baljan.shift", "fields": {"early": false, "enabled": true, "semester": 1, "made": "2010-10-11 14:13:41", "when": "2010-06-28"}}, {"pk": 253, "model": "baljan.shift", "fields": {"early": true, "enabled": true, "semester": 1, "made": "2010-10-11 14:13:41", "when": "2010-06-28"}}, {"pk": 256, "model": "baljan.shift", "fields": {"early": false, "enabled": true, "semester": 1, "made": "2010-10-11 14:13:41", "when": "2010-06-29"}}, {"pk": 255, "model": "baljan.shift", "fields": {"early": true, "enabled": true, "semester": 1, "made": "2010-10-11 14:13:41", "when": "2010-06-29"}}, {"pk": 258, "model": "baljan.shift", "fields": {"early": false, "enabled": true, "semester": 1, "made": "2010-10-11 14:13:41", "when": "2010-06-30"}}, {"pk": 257, "model": "baljan.shift", "fields": {"early": true, "enabled": true, "semester": 1, "made": "2010-10-11 14:13:41", "when": "2010-06-30"}}, {"pk": 260, "model": "baljan.shift", "fields": {"early": false, "enabled": true, "semester": 1, "made": "2010-10-11 14:13:41", "when": "2010-07-01"}}, {"pk": 259, "model": "baljan.shift", "fields": {"early": true, "enabled": true, "semester": 1, "made": "2010-10-11 14:13:41", "when": "2010-07-01"}}, {"pk": 262, "model": "baljan.shift", "fields": {"early": false, "enabled": true, "semester": 2, "made": "2010-10-11 14:14:44", "when": "2010-08-02"}}, {"pk": 261, "model": "baljan.shift", "fields": {"early": true, "enabled": true, "semester": 2, "made": "2010-10-11 14:14:44", "when": "2010-08-02"}}, {"pk": 264, "model": "baljan.shift", "fields": {"early": false, "enabled": true, "semester": 2, "made": "2010-10-11 14:14:45", "when": "2010-08-03"}}, {"pk": 263, "model": "baljan.shift", "fields": {"early": true, "enabled": true, "semester": 2, "made": "2010-10-11 14:14:44", "when": "2010-08-03"}}, {"pk": 266, "model": "baljan.shift", "fields": {"early": false, "enabled": true, "semester": 2, "made": "2010-10-11 14:14:45", "when": "2010-08-04"}}, {"pk": 265, "model": "baljan.shift", "fields": {"early": true, "enabled": true, "semester": 2, "made": "2010-10-11 14:14:45", "when": "2010-08-04"}}, {"pk": 268, "model": "baljan.shift", "fields": {"early": false, "enabled": true, "semester": 2, "made": "2010-10-11 14:14:45", "when": "2010-08-05"}}, {"pk": 267, "model": "baljan.shift", "fields": {"early": true, "enabled": true, "semester": 2, "made": "2010-10-11 14:14:45", "when": "2010-08-05"}}, {"pk": 270, "model": "baljan.shift", "fields": {"early": false, "enabled": true, "semester": 2, "made": "2010-10-11 14:14:45", "when": "2010-08-06"}}, {"pk": 269, "model": "baljan.shift", "fields": {"early": true, "enabled": true, "semester": 2, "made": "2010-10-11 14:14:45", "when": "2010-08-06"}}, {"pk": 272, "model": "baljan.shift", "fields": {"early": false, "enabled": true, "semester": 2, "made": "2010-10-11 14:14:45", "when": "2010-08-09"}}, {"pk": 271, "model": "baljan.shift", "fields": {"early": true, "enabled": true, "semester": 2, "made": "2010-10-11 14:14:45", "when": "2010-08-09"}}, {"pk": 274, "model": "baljan.shift", "fields": {"early": false, "enabled": true, "semester": 2, "made": "2010-10-11 14:14:45", "when": "2010-08-10"}}, {"pk": 273, "model": "baljan.shift", "fields": {"early": true, "enabled": true, "semester": 2, "made": "2010-10-11 14:14:45", "when": "2010-08-10"}}, {"pk": 276, "model": "baljan.shift", "fields": {"early": false, "enabled": true, "semester": 2, "made": "2010-10-11 14:14:45", "when": "2010-08-11"}}, {"pk": 275, "model": "baljan.shift", "fields": {"early": true, "enabled": true, "semester": 2, "made": "2010-10-11 14:14:45", "when": "2010-08-11"}}, {"pk": 278, "model": "baljan.shift", "fields": {"early": false, "enabled": true, "semester": 2, "made": "2010-10-11 14:14:45", "when": "2010-08-12"}}, {"pk": 277, "model": "baljan.shift", "fields": {"early": true, "enabled": true, "semester": 2, "made": "2010-10-11 14:14:45", "when": "2010-08-12"}}, {"pk": 280, "model": "baljan.shift", "fields": {"early": false, "enabled": true, "semester": 2, "made": "2010-10-11 14:14:45", "when": "2010-08-13"}}, {"pk": 279, "model": "baljan.shift", "fields": {"early": true, "enabled": true, "semester": 2, "made": "2010-10-11 14:14:45", "when": "2010-08-13"}}, {"pk": 282, "model": "baljan.shift", "fields": {"early": false, "enabled": true, "semester": 2, "made": "2010-10-11 14:14:45", "when": "2010-08-16"}}, {"pk": 281, "model": "baljan.shift", "fields": {"early": true, "enabled": true, "semester": 2, "made": "2010-10-11 14:14:45", "when": "2010-08-16"}}, {"pk": 284, "model": "baljan.shift", "fields": {"early": false, "enabled": true, "semester": 2, "made": "2010-10-11 14:14:45", "when": "2010-08-17"}}, {"pk": 283, "model": "baljan.shift", "fields": {"early": true, "enabled": true, "semester": 2, "made": "2010-10-11 14:14:45", "when": "2010-08-17"}}, {"pk": 286, "model": "baljan.shift", "fields": {"early": false, "enabled": true, "semester": 2, "made": "2010-10-11 14:14:45", "when": "2010-08-18"}}, {"pk": 285, "model": "baljan.shift", "fields": {"early": true, "enabled": true, "semester": 2, "made": "2010-10-11 14:14:45", "when": "2010-08-18"}}, {"pk": 288, "model": "baljan.shift", "fields": {"early": false, "enabled": true, "semester": 2, "made": "2010-10-11 14:14:45", "when": "2010-08-19"}}, {"pk": 287, "model": "baljan.shift", "fields": {"early": true, "enabled": true, "semester": 2, "made": "2010-10-11 14:14:45", "when": "2010-08-19"}}, {"pk": 290, "model": "baljan.shift", "fields": {"early": false, "enabled": true, "semester": 2, "made": "2010-10-11 14:14:45", "when": "2010-08-20"}}, {"pk": 289, "model": "baljan.shift", "fields": {"early": true, "enabled": true, "semester": 2, "made": "2010-10-11 14:14:45", "when": "2010-08-20"}}, {"pk": 292, "model": "baljan.shift", "fields": {"early": false, "enabled": true, "semester": 2, "made": "2010-10-11 14:14:45", "when": "2010-08-23"}}, {"pk": 291, "model": "baljan.shift", "fields": {"early": true, "enabled": true, "semester": 2, "made": "2010-10-11 14:14:45", "when": "2010-08-23"}}, {"pk": 294, "model": "baljan.shift", "fields": {"early": false, "enabled": true, "semester": 2, "made": "2010-10-11 14:14:46", "when": "2010-08-24"}}, {"pk": 293, "model": "baljan.shift", "fields": {"early": true, "enabled": true, "semester": 2, "made": "2010-10-11 14:14:46", "when": "2010-08-24"}}, {"pk": 296, "model": "baljan.shift", "fields": {"early": false, "enabled": true, "semester": 2, "made": "2010-10-11 14:14:46", "when": "2010-08-25"}}, {"pk": 295, "model": "baljan.shift", "fields": {"early": true, "enabled": true, "semester": 2, "made": "2010-10-11 14:14:46", "when": "2010-08-25"}}, {"pk": 298, "model": "baljan.shift", "fields": {"early": false, "enabled": true, "semester": 2, "made": "2010-10-11 14:14:46", "when": "2010-08-26"}}, {"pk": 297, "model": "baljan.shift", "fields": {"early": true, "enabled": true, "semester": 2, "made": "2010-10-11 14:14:46", "when": "2010-08-26"}}, {"pk": 300, "model": "baljan.shift", "fields": {"early": false, "enabled": true, "semester": 2, "made": "2010-10-11 14:14:46", "when": "2010-08-27"}}, {"pk": 299, "model": "baljan.shift", "fields": {"early": true, "enabled": true, "semester": 2, "made": "2010-10-11 14:14:46", "when": "2010-08-27"}}, {"pk": 302, "model": "baljan.shift", "fields": {"early": false, "enabled": true, "semester": 2, "made": "2010-10-11 14:14:46", "when": "2010-08-30"}}, {"pk": 301, "model": "baljan.shift", "fields": {"early": true, "enabled": true, "semester": 2, "made": "2010-10-11 14:14:46", "when": "2010-08-30"}}, {"pk": 304, "model": "baljan.shift", "fields": {"early": false, "enabled": true, "semester": 2, "made": "2010-10-11 14:14:46", "when": "2010-08-31"}}, {"pk": 303, "model": "baljan.shift", "fields": {"early": true, "enabled": true, "semester": 2, "made": "2010-10-11 14:14:46", "when": "2010-08-31"}}, {"pk": 306, "model": "baljan.shift", "fields": {"early": false, "enabled": true, "semester": 2, "made": "2010-10-11 14:14:46", "when": "2010-09-01"}}, {"pk": 305, "model": "baljan.shift", "fields": {"early": true, "enabled": true, "semester": 2, "made": "2010-10-11 14:14:46", "when": "2010-09-01"}}, {"pk": 308, "model": "baljan.shift", "fields": {"early": false, "enabled": true, "semester": 2, "made": "2010-10-11 14:14:46", "when": "2010-09-02"}}, {"pk": 307, "model": "baljan.shift", "fields": {"early": true, "enabled": true, "semester": 2, "made": "2010-10-11 14:14:46", "when": "2010-09-02"}}, {"pk": 310, "model": "baljan.shift", "fields": {"early": false, "enabled": true, "semester": 2, "made": "2010-10-11 14:14:46", "when": "2010-09-03"}}, {"pk": 309, "model": "baljan.shift", "fields": {"early": true, "enabled": true, "semester": 2, "made": "2010-10-11 14:14:46", "when": "2010-09-03"}}, {"pk": 312, "model": "baljan.shift", "fields": {"early": false, "enabled": true, "semester": 2, "made": "2010-10-11 14:14:46", "when": "2010-09-06"}}, {"pk": 311, "model": "baljan.shift", "fields": {"early": true, "enabled": true, "semester": 2, "made": "2010-10-11 14:14:46", "when": "2010-09-06"}}, {"pk": 314, "model": "baljan.shift", "fields": {"early": false, "enabled": true, "semester": 2, "made": "2010-10-11 14:14:46", "when": "2010-09-07"}}, {"pk": 313, "model": "baljan.shift", "fields": {"early": true, "enabled": true, "semester": 2, "made": "2010-10-11 14:14:46", "when": "2010-09-07"}}, {"pk": 316, "model": "baljan.shift", "fields": {"early": false, "enabled": true, "semester": 2, "made": "2010-10-11 14:14:46", "when": "2010-09-08"}}, {"pk": 315, "model": "baljan.shift", "fields": {"early": true, "enabled": true, "semester": 2, "made": "2010-10-11 14:14:46", "when": "2010-09-08"}}, {"pk": 318, "model": "baljan.shift", "fields": {"early": false, "enabled": true, "semester": 2, "made": "2010-10-11 14:14:46", "when": "2010-09-09"}}, {"pk": 317, "model": "baljan.shift", "fields": {"early": true, "enabled": true, "semester": 2, "made": "2010-10-11 14:14:46", "when": "2010-09-09"}}, {"pk": 320, "model": "baljan.shift", "fields": {"early": false, "enabled": true, "semester": 2, "made": "2010-10-11 14:14:46", "when": "2010-09-10"}}, {"pk": 319, "model": "baljan.shift", "fields": {"early": true, "enabled": true, "semester": 2, "made": "2010-10-11 14:14:46", "when": "2010-09-10"}}, {"pk": 322, "model": "baljan.shift", "fields": {"early": false, "enabled": true, "semester": 2, "made": "2010-10-11 14:14:46", "when": "2010-09-13"}}, {"pk": 321, "model": "baljan.shift", "fields": {"early": true, "enabled": true, "semester": 2, "made": "2010-10-11 14:14:46", "when": "2010-09-13"}}, {"pk": 324, "model": "baljan.shift", "fields": {"early": false, "enabled": true, "semester": 2, "made": "2010-10-11 14:14:47", "when": "2010-09-14"}}, {"pk": 323, "model": "baljan.shift", "fields": {"early": true, "enabled": true, "semester": 2, "made": "2010-10-11 14:14:47", "when": "2010-09-14"}}, {"pk": 326, "model": "baljan.shift", "fields": {"early": false, "enabled": true, "semester": 2, "made": "2010-10-11 14:14:47", "when": "2010-09-15"}}, {"pk": 325, "model": "baljan.shift", "fields": {"early": true, "enabled": true, "semester": 2, "made": "2010-10-11 14:14:47", "when": "2010-09-15"}}, {"pk": 328, "model": "baljan.shift", "fields": {"early": false, "enabled": true, "semester": 2, "made": "2010-10-11 14:14:47", "when": "2010-09-16"}}, {"pk": 327, "model": "baljan.shift", "fields": {"early": true, "enabled": true, "semester": 2, "made": "2010-10-11 14:14:47", "when": "2010-09-16"}}, {"pk": 330, "model": "baljan.shift", "fields": {"early": false, "enabled": true, "semester": 2, "made": "2010-10-11 14:14:47", "when": "2010-09-17"}}, {"pk": 329, "model": "baljan.shift", "fields": {"early": true, "enabled": true, "semester": 2, "made": "2010-10-11 14:14:47", "when": "2010-09-17"}}, {"pk": 332, "model": "baljan.shift", "fields": {"early": false, "enabled": true, "semester": 2, "made": "2010-10-11 14:14:47", "when": "2010-09-20"}}, {"pk": 331, "model": "baljan.shift", "fields": {"early": true, "enabled": true, "semester": 2, "made": "2010-10-11 14:14:47", "when": "2010-09-20"}}, {"pk": 334, "model": "baljan.shift", "fields": {"early": false, "enabled": true, "semester": 2, "made": "2010-10-11 14:14:47", "when": "2010-09-21"}}, {"pk": 333, "model": "baljan.shift", "fields": {"early": true, "enabled": true, "semester": 2, "made": "2010-10-11 14:14:47", "when": "2010-09-21"}}, {"pk": 336, "model": "baljan.shift", "fields": {"early": false, "enabled": true, "semester": 2, "made": "2010-10-11 14:14:47", "when": "2010-09-22"}}, {"pk": 335, "model": "baljan.shift", "fields": {"early": true, "enabled": true, "semester": 2, "made": "2010-10-11 14:14:47", "when": "2010-09-22"}}, {"pk": 338, "model": "baljan.shift", "fields": {"early": false, "enabled": true, "semester": 2, "made": "2010-10-11 14:14:47", "when": "2010-09-23"}}, {"pk": 337, "model": "baljan.shift", "fields": {"early": true, "enabled": true, "semester": 2, "made": "2010-10-11 14:14:47", "when": "2010-09-23"}}, {"pk": 340, "model": "baljan.shift", "fields": {"early": false, "enabled": true, "semester": 2, "made": "2010-10-11 14:14:47", "when": "2010-09-24"}}, {"pk": 339, "model": "baljan.shift", "fields": {"early": true, "enabled": true, "semester": 2, "made": "2010-10-11 14:14:47", "when": "2010-09-24"}}, {"pk": 342, "model": "baljan.shift", "fields": {"early": false, "enabled": true, "semester": 2, "made": "2010-10-11 14:14:47", "when": "2010-09-27"}}, {"pk": 341, "model": "baljan.shift", "fields": {"early": true, "enabled": true, "semester": 2, "made": "2010-10-11 14:14:47", "when": "2010-09-27"}}, {"pk": 344, "model": "baljan.shift", "fields": {"early": false, "enabled": true, "semester": 2, "made": "2010-10-11 14:14:47", "when": "2010-09-28"}}, {"pk": 343, "model": "baljan.shift", "fields": {"early": true, "enabled": true, "semester": 2, "made": "2010-10-11 14:14:47", "when": "2010-09-28"}}, {"pk": 346, "model": "baljan.shift", "fields": {"early": false, "enabled": true, "semester": 2, "made": "2010-10-11 14:14:47", "when": "2010-09-29"}}, {"pk": 345, "model": "baljan.shift", "fields": {"early": true, "enabled": true, "semester": 2, "made": "2010-10-11 14:14:47", "when": "2010-09-29"}}, {"pk": 348, "model": "baljan.shift", "fields": {"early": false, "enabled": true, "semester": 2, "made": "2010-10-11 14:14:47", "when": "2010-09-30"}}, {"pk": 347, "model": "baljan.shift", "fields": {"early": true, "enabled": true, "semester": 2, "made": "2010-10-11 14:14:47", "when": "2010-09-30"}}, {"pk": 350, "model": "baljan.shift", "fields": {"early": false, "enabled": true, "semester": 2, "made": "2010-10-11 14:14:47", "when": "2010-10-01"}}, {"pk": 349, "model": "baljan.shift", "fields": {"early": true, "enabled": true, "semester": 2, "made": "2010-10-11 14:14:47", "when": "2010-10-01"}}, {"pk": 352, "model": "baljan.shift", "fields": {"early": false, "enabled": true, "semester": 2, "made": "2010-10-11 14:14:48", "when": "2010-10-04"}}, {"pk": 351, "model": "baljan.shift", "fields": {"early": true, "enabled": true, "semester": 2, "made": "2010-10-11 14:14:47", "when": "2010-10-04"}}, {"pk": 354, "model": "baljan.shift", "fields": {"early": false, "enabled": true, "semester": 2, "made": "2010-10-11 14:14:48", "when": "2010-10-05"}}, {"pk": 353, "model": "baljan.shift", "fields": {"early": true, "enabled": true, "semester": 2, "made": "2010-10-11 14:14:48", "when": "2010-10-05"}}, {"pk": 356, "model": "baljan.shift", "fields": {"early": false, "enabled": true, "semester": 2, "made": "2010-10-11 14:14:48", "when": "2010-10-06"}}, {"pk": 355, "model": "baljan.shift", "fields": {"early": true, "enabled": true, "semester": 2, "made": "2010-10-11 14:14:48", "when": "2010-10-06"}}, {"pk": 358, "model": "baljan.shift", "fields": {"early": false, "enabled": true, "semester": 2, "made": "2010-10-11 14:14:48", "when": "2010-10-07"}}, {"pk": 357, "model": "baljan.shift", "fields": {"early": true, "enabled": true, "semester": 2, "made": "2010-10-11 14:14:48", "when": "2010-10-07"}}, {"pk": 360, "model": "baljan.shift", "fields": {"early": false, "enabled": true, "semester": 2, "made": "2010-10-11 14:14:48", "when": "2010-10-08"}}, {"pk": 359, "model": "baljan.shift", "fields": {"early": true, "enabled": true, "semester": 2, "made": "2010-10-11 14:14:48", "when": "2010-10-08"}}, {"pk": 362, "model": "baljan.shift", "fields": {"early": false, "enabled": true, "semester": 2, "made": "2010-10-11 14:14:48", "when": "2010-10-11"}}, {"pk": 361, "model": "baljan.shift", "fields": {"early": true, "enabled": true, "semester": 2, "made": "2010-10-11 14:14:48", "when": "2010-10-11"}}, {"pk": 364, "model": "baljan.shift", "fields": {"early": false, "enabled": true, "semester": 2, "made": "2010-10-11 14:14:48", "when": "2010-10-12"}}, {"pk": 363, "model": "baljan.shift", "fields": {"early": true, "enabled": true, "semester": 2, "made": "2010-10-11 14:14:48", "when": "2010-10-12"}}, {"pk": 366, "model": "baljan.shift", "fields": {"early": false, "enabled": true, "semester": 2, "made": "2010-10-11 14:14:48", "when": "2010-10-13"}}, {"pk": 365, "model": "baljan.shift", "fields": {"early": true, "enabled": true, "semester": 2, "made": "2010-10-11 14:14:48", "when": "2010-10-13"}}, {"pk": 368, "model": "baljan.shift", "fields": {"early": false, "enabled": true, "semester": 2, "made": "2010-10-11 14:14:48", "when": "2010-10-14"}}, {"pk": 367, "model": "baljan.shift", "fields": {"early": true, "enabled": true, "semester": 2, "made": "2010-10-11 14:14:48", "when": "2010-10-14"}}, {"pk": 370, "model": "baljan.shift", "fields": {"early": false, "enabled": true, "semester": 2, "made": "2010-10-11 14:14:48", "when": "2010-10-15"}}, {"pk": 369, "model": "baljan.shift", "fields": {"early": true, "enabled": true, "semester": 2, "made": "2010-10-11 14:14:48", "when": "2010-10-15"}}, {"pk": 372, "model": "baljan.shift", "fields": {"early": false, "enabled": true, "semester": 2, "made": "2010-10-11 14:14:48", "when": "2010-10-18"}}, {"pk": 371, "model": "baljan.shift", "fields": {"early": true, "enabled": true, "semester": 2, "made": "2010-10-11 14:14:48", "when": "2010-10-18"}}, {"pk": 374, "model": "baljan.shift", "fields": {"early": false, "enabled": true, "semester": 2, "made": "2010-10-11 14:14:48", "when": "2010-10-19"}}, {"pk": 373, "model": "baljan.shift", "fields": {"early": true, "enabled": true, "semester": 2, "made": "2010-10-11 14:14:48", "when": "2010-10-19"}}, {"pk": 376, "model": "baljan.shift", "fields": {"early": false, "enabled": true, "semester": 2, "made": "2010-10-11 14:14:48", "when": "2010-10-20"}}, {"pk": 375, "model": "baljan.shift", "fields": {"early": true, "enabled": true, "semester": 2, "made": "2010-10-11 14:14:48", "when": "2010-10-20"}}, {"pk": 378, "model": "baljan.shift", "fields": {"early": false, "enabled": true, "semester": 2, "made": "2010-10-11 14:14:48", "when": "2010-10-21"}}, {"pk": 377, "model": "baljan.shift", "fields": {"early": true, "enabled": true, "semester": 2, "made": "2010-10-11 14:14:48", "when": "2010-10-21"}}, {"pk": 380, "model": "baljan.shift", "fields": {"early": false, "enabled": true, "semester": 2, "made": "2010-10-11 14:14:48", "when": "2010-10-22"}}, {"pk": 379, "model": "baljan.shift", "fields": {"early": true, "enabled": true, "semester": 2, "made": "2010-10-11 14:14:48", "when": "2010-10-22"}}, {"pk": 382, "model": "baljan.shift", "fields": {"early": false, "enabled": true, "semester": 2, "made": "2010-10-11 14:14:49", "when": "2010-10-25"}}, {"pk": 381, "model": "baljan.shift", "fields": {"early": true, "enabled": true, "semester": 2, "made": "2010-10-11 14:14:49", "when": "2010-10-25"}}, {"pk": 384, "model": "baljan.shift", "fields": {"early": false, "enabled": true, "semester": 2, "made": "2010-10-11 14:14:49", "when": "2010-10-26"}}, {"pk": 383, "model": "baljan.shift", "fields": {"early": true, "enabled": true, "semester": 2, "made": "2010-10-11 14:14:49", "when": "2010-10-26"}}, {"pk": 386, "model": "baljan.shift", "fields": {"early": false, "enabled": true, "semester": 2, "made": "2010-10-11 14:14:49", "when": "2010-10-27"}}, {"pk": 385, "model": "baljan.shift", "fields": {"early": true, "enabled": true, "semester": 2, "made": "2010-10-11 14:14:49", "when": "2010-10-27"}}, {"pk": 388, "model": "baljan.shift", "fields": {"early": false, "enabled": true, "semester": 2, "made": "2010-10-11 14:14:49", "when": "2010-10-28"}}, {"pk": 387, "model": "baljan.shift", "fields": {"early": true, "enabled": true, "semester": 2, "made": "2010-10-11 14:14:49", "when": "2010-10-28"}}, {"pk": 390, "model": "baljan.shift", "fields": {"early": false, "enabled": true, "semester": 2, "made": "2010-10-11 14:14:49", "when": "2010-10-29"}}, {"pk": 389, "model": "baljan.shift", "fields": {"early": true, "enabled": true, "semester": 2, "made": "2010-10-11 14:14:49", "when": "2010-10-29"}}, {"pk": 392, "model": "baljan.shift", "fields": {"early": false, "enabled": true, "semester": 2, "made": "2010-10-11 14:14:49", "when": "2010-11-01"}}, {"pk": 391, "model": "baljan.shift", "fields": {"early": true, "enabled": true, "semester": 2, "made": "2010-10-11 14:14:49", "when": "2010-11-01"}}, {"pk": 394, "model": "baljan.shift", "fields": {"early": false, "enabled": true, "semester": 2, "made": "2010-10-11 14:14:49", "when": "2010-11-02"}}, {"pk": 393, "model": "baljan.shift", "fields": {"early": true, "enabled": true, "semester": 2, "made": "2010-10-11 14:14:49", "when": "2010-11-02"}}, {"pk": 396, "model": "baljan.shift", "fields": {"early": false, "enabled": true, "semester": 2, "made": "2010-10-11 14:14:49", "when": "2010-11-03"}}, {"pk": 395, "model": "baljan.shift", "fields": {"early": true, "enabled": true, "semester": 2, "made": "2010-10-11 14:14:49", "when": "2010-11-03"}}, {"pk": 398, "model": "baljan.shift", "fields": {"early": false, "enabled": true, "semester": 2, "made": "2010-10-11 14:14:49", "when": "2010-11-04"}}, {"pk": 397, "model": "baljan.shift", "fields": {"early": true, "enabled": true, "semester": 2, "made": "2010-10-11 14:14:49", "when": "2010-11-04"}}, {"pk": 400, "model": "baljan.shift", "fields": {"early": false, "enabled": true, "semester": 2, "made": "2010-10-11 14:14:49", "when": "2010-11-05"}}, {"pk": 399, "model": "baljan.shift", "fields": {"early": true, "enabled": true, "semester": 2, "made": "2010-10-11 14:14:49", "when": "2010-11-05"}}, {"pk": 402, "model": "baljan.shift", "fields": {"early": false, "enabled": true, "semester": 2, "made": "2010-10-11 14:14:49", "when": "2010-11-08"}}, {"pk": 401, "model": "baljan.shift", "fields": {"early": true, "enabled": true, "semester": 2, "made": "2010-10-11 14:14:49", "when": "2010-11-08"}}, {"pk": 404, "model": "baljan.shift", "fields": {"early": false, "enabled": true, "semester": 2, "made": "2010-10-11 14:14:49", "when": "2010-11-09"}}, {"pk": 403, "model": "baljan.shift", "fields": {"early": true, "enabled": true, "semester": 2, "made": "2010-10-11 14:14:49", "when": "2010-11-09"}}, {"pk": 406, "model": "baljan.shift", "fields": {"early": false, "enabled": true, "semester": 2, "made": "2010-10-11 14:14:49", "when": "2010-11-10"}}, {"pk": 405, "model": "baljan.shift", "fields": {"early": true, "enabled": true, "semester": 2, "made": "2010-10-11 14:14:49", "when": "2010-11-10"}}, {"pk": 408, "model": "baljan.shift", "fields": {"early": false, "enabled": true, "semester": 2, "made": "2010-10-11 14:14:49", "when": "2010-11-11"}}, {"pk": 407, "model": "baljan.shift", "fields": {"early": true, "enabled": true, "semester": 2, "made": "2010-10-11 14:14:49", "when": "2010-11-11"}}, {"pk": 410, "model": "baljan.shift", "fields": {"early": false, "enabled": true, "semester": 2, "made": "2010-10-11 14:14:50", "when": "2010-11-12"}}, {"pk": 409, "model": "baljan.shift", "fields": {"early": true, "enabled": true, "semester": 2, "made": "2010-10-11 14:14:50", "when": "2010-11-12"}}, {"pk": 412, "model": "baljan.shift", "fields": {"early": false, "enabled": true, "semester": 2, "made": "2010-10-11 14:14:50", "when": "2010-11-15"}}, {"pk": 411, "model": "baljan.shift", "fields": {"early": true, "enabled": true, "semester": 2, "made": "2010-10-11 14:14:50", "when": "2010-11-15"}}, {"pk": 414, "model": "baljan.shift", "fields": {"early": false, "enabled": true, "semester": 2, "made": "2010-10-11 14:14:50", "when": "2010-11-16"}}, {"pk": 413, "model": "baljan.shift", "fields": {"early": true, "enabled": true, "semester": 2, "made": "2010-10-11 14:14:50", "when": "2010-11-16"}}, {"pk": 416, "model": "baljan.shift", "fields": {"early": false, "enabled": true, "semester": 2, "made": "2010-10-11 14:14:50", "when": "2010-11-17"}}, {"pk": 415, "model": "baljan.shift", "fields": {"early": true, "enabled": true, "semester": 2, "made": "2010-10-11 14:14:50", "when": "2010-11-17"}}, {"pk": 418, "model": "baljan.shift", "fields": {"early": false, "enabled": true, "semester": 2, "made": "2010-10-11 14:14:50", "when": "2010-11-18"}}, {"pk": 417, "model": "baljan.shift", "fields": {"early": true, "enabled": true, "semester": 2, "made": "2010-10-11 14:14:50", "when": "2010-11-18"}}, {"pk": 420, "model": "baljan.shift", "fields": {"early": false, "enabled": true, "semester": 2, "made": "2010-10-11 14:14:50", "when": "2010-11-19"}}, {"pk": 419, "model": "baljan.shift", "fields": {"early": true, "enabled": true, "semester": 2, "made": "2010-10-11 14:14:50", "when": "2010-11-19"}}, {"pk": 422, "model": "baljan.shift", "fields": {"early": false, "enabled": true, "semester": 2, "made": "2010-10-11 14:14:50", "when": "2010-11-22"}}, {"pk": 421, "model": "baljan.shift", "fields": {"early": true, "enabled": true, "semester": 2, "made": "2010-10-11 14:14:50", "when": "2010-11-22"}}, {"pk": 424, "model": "baljan.shift", "fields": {"early": false, "enabled": true, "semester": 2, "made": "2010-10-11 14:14:50", "when": "2010-11-23"}}, {"pk": 423, "model": "baljan.shift", "fields": {"early": true, "enabled": true, "semester": 2, "made": "2010-10-11 14:14:50", "when": "2010-11-23"}}, {"pk": 426, "model": "baljan.shift", "fields": {"early": false, "enabled": true, "semester": 2, "made": "2010-10-11 14:14:50", "when": "2010-11-24"}}, {"pk": 425, "model": "baljan.shift", "fields": {"early": true, "enabled": true, "semester": 2, "made": "2010-10-11 14:14:50", "when": "2010-11-24"}}, {"pk": 428, "model": "baljan.shift", "fields": {"early": false, "enabled": true, "semester": 2, "made": "2010-10-11 14:14:50", "when": "2010-11-25"}}, {"pk": 427, "model": "baljan.shift", "fields": {"early": true, "enabled": true, "semester": 2, "made": "2010-10-11 14:14:50", "when": "2010-11-25"}}, {"pk": 430, "model": "baljan.shift", "fields": {"early": false, "enabled": true, "semester": 2, "made": "2010-10-11 14:14:50", "when": "2010-11-26"}}, {"pk": 429, "model": "baljan.shift", "fields": {"early": true, "enabled": true, "semester": 2, "made": "2010-10-11 14:14:50", "when": "2010-11-26"}}, {"pk": 432, "model": "baljan.shift", "fields": {"early": false, "enabled": true, "semester": 2, "made": "2010-10-11 14:14:50", "when": "2010-11-29"}}, {"pk": 431, "model": "baljan.shift", "fields": {"early": true, "enabled": true, "semester": 2, "made": "2010-10-11 14:14:50", "when": "2010-11-29"}}, {"pk": 434, "model": "baljan.shift", "fields": {"early": false, "enabled": true, "semester": 2, "made": "2010-10-11 14:14:50", "when": "2010-11-30"}}, {"pk": 433, "model": "baljan.shift", "fields": {"early": true, "enabled": true, "semester": 2, "made": "2010-10-11 14:14:50", "when": "2010-11-30"}}, {"pk": 436, "model": "baljan.shift", "fields": {"early": false, "enabled": true, "semester": 2, "made": "2010-10-11 14:14:51", "when": "2010-12-01"}}, {"pk": 435, "model": "baljan.shift", "fields": {"early": true, "enabled": true, "semester": 2, "made": "2010-10-11 14:14:50", "when": "2010-12-01"}}, {"pk": 438, "model": "baljan.shift", "fields": {"early": false, "enabled": true, "semester": 2, "made": "2010-10-11 14:14:51", "when": "2010-12-02"}}, {"pk": 437, "model": "baljan.shift", "fields": {"early": true, "enabled": true, "semester": 2, "made": "2010-10-11 14:14:51", "when": "2010-12-02"}}, {"pk": 440, "model": "baljan.shift", "fields": {"early": false, "enabled": true, "semester": 2, "made": "2010-10-11 14:14:51", "when": "2010-12-03"}}, {"pk": 439, "model": "baljan.shift", "fields": {"early": true, "enabled": true, "semester": 2, "made": "2010-10-11 14:14:51", "when": "2010-12-03"}}, {"pk": 442, "model": "baljan.shift", "fields": {"early": false, "enabled": true, "semester": 2, "made": "2010-10-11 14:14:51", "when": "2010-12-06"}}, {"pk": 441, "model": "baljan.shift", "fields": {"early": true, "enabled": true, "semester": 2, "made": "2010-10-11 14:14:51", "when": "2010-12-06"}}, {"pk": 444, "model": "baljan.shift", "fields": {"early": false, "enabled": true, "semester": 2, "made": "2010-10-11 14:14:51", "when": "2010-12-07"}}, {"pk": 443, "model": "baljan.shift", "fields": {"early": true, "enabled": true, "semester": 2, "made": "2010-10-11 14:14:51", "when": "2010-12-07"}}, {"pk": 446, "model": "baljan.shift", "fields": {"early": false, "enabled": true, "semester": 2, "made": "2010-10-11 14:14:51", "when": "2010-12-08"}}, {"pk": 445, "model": "baljan.shift", "fields": {"early": true, "enabled": true, "semester": 2, "made": "2010-10-11 14:14:51", "when": "2010-12-08"}}, {"pk": 448, "model": "baljan.shift", "fields": {"early": false, "enabled": true, "semester": 2, "made": "2010-10-11 14:14:51", "when": "2010-12-09"}}, {"pk": 447, "model": "baljan.shift", "fields": {"early": true, "enabled": true, "semester": 2, "made": "2010-10-11 14:14:51", "when": "2010-12-09"}}, {"pk": 450, "model": "baljan.shift", "fields": {"early": false, "enabled": true, "semester": 2, "made": "2010-10-11 14:14:51", "when": "2010-12-10"}}, {"pk": 449, "model": "baljan.shift", "fields": {"early": true, "enabled": true, "semester": 2, "made": "2010-10-11 14:14:51", "when": "2010-12-10"}}, {"pk": 452, "model": "baljan.shift", "fields": {"early": false, "enabled": true, "semester": 2, "made": "2010-10-11 14:14:51", "when": "2010-12-13"}}, {"pk": 451, "model": "baljan.shift", "fields": {"early": true, "enabled": true, "semester": 2, "made": "2010-10-11 14:14:51", "when": "2010-12-13"}}, {"pk": 454, "model": "baljan.shift", "fields": {"early": false, "enabled": true, "semester": 2, "made": "2010-10-11 14:14:51", "when": "2010-12-14"}}, {"pk": 453, "model": "baljan.shift", "fields": {"early": true, "enabled": true, "semester": 2, "made": "2010-10-11 14:14:51", "when": "2010-12-14"}}, {"pk": 456, "model": "baljan.shift", "fields": {"early": false, "enabled": true, "semester": 2, "made": "2010-10-11 14:14:51", "when": "2010-12-15"}}, {"pk": 455, "model": "baljan.shift", "fields": {"early": true, "enabled": true, "semester": 2, "made": "2010-10-11 14:14:51", "when": "2010-12-15"}}, {"pk": 458, "model": "baljan.shift", "fields": {"early": false, "enabled": true, "semester": 2, "made": "2010-10-11 14:14:51", "when": "2010-12-16"}}, {"pk": 457, "model": "baljan.shift", "fields": {"early": true, "enabled": true, "semester": 2, "made": "2010-10-11 14:14:51", "when": "2010-12-16"}}, {"pk": 460, "model": "baljan.shift", "fields": {"early": false, "enabled": true, "semester": 2, "made": "2010-10-11 14:14:51", "when": "2010-12-17"}}, {"pk": 459, "model": "baljan.shift", "fields": {"early": true, "enabled": true, "semester": 2, "made": "2010-10-11 14:14:51", "when": "2010-12-17"}}, {"pk": 462, "model": "baljan.shift", "fields": {"early": false, "enabled": true, "semester": 2, "made": "2010-10-11 14:14:51", "when": "2010-12-20"}}, {"pk": 461, "model": "baljan.shift", "fields": {"early": true, "enabled": true, "semester": 2, "made": "2010-10-11 14:14:51", "when": "2010-12-20"}}, {"pk": 1, "model": "baljan.shiftsignup", "fields": {"shift": 365, "made": "2010-10-11 14:30:55", "user": 1, "tradable": false}}, {"pk": 4, "model": "baljan.oncallduty", "fields": {"shift": 365, "made": "2010-10-11 14:24:35", "user": 1}}, {"pk": 5, "model": "baljan.oncallduty", "fields": {"shift": 366, "made": "2010-10-11 14:25:05", "user": 1}}, {"pk": 49, "model": "auth.permission", "fields": {"codename": "add_account", "name": "Can add account", "content_type": 17}}, {"pk": 50, "model": "auth.permission", "fields": {"codename": "change_account", "name": "Can change account", "content_type": 17}}, {"pk": 51, "model": "auth.permission", "fields": {"codename": "delete_account", "name": "Can delete account", "content_type": 17}}, {"pk": 52, "model": "auth.permission", "fields": {"codename": "add_otherserviceinfo", "name": "Can add other service info", "content_type": 18}}, {"pk": 53, "model": "auth.permission", "fields": {"codename": "change_otherserviceinfo", "name": "Can change other service info", "content_type": 18}}, {"pk": 54, "model": "auth.permission", "fields": {"codename": "delete_otherserviceinfo", "name": "Can delete other service info", "content_type": 18}}, {"pk": 55, "model": "auth.permission", "fields": {"codename": "add_passwordreset", "name": "Can add password reset", "content_type": 19}}, {"pk": 56, "model": "auth.permission", "fields": {"codename": "change_passwordreset", "name": "Can change password reset", "content_type": 19}}, {"pk": 57, "model": "auth.permission", "fields": {"codename": "delete_passwordreset", "name": "Can delete password reset", "content_type": 19}}, {"pk": 1, "model": "auth.permission", "fields": {"codename": "add_logentry", "name": "Can add log entry", "content_type": 1}}, {"pk": 2, "model": "auth.permission", "fields": {"codename": "change_logentry", "name": "Can change log entry", "content_type": 1}}, {"pk": 3, "model": "auth.permission", "fields": {"codename": "delete_logentry", "name": "Can delete log entry", "content_type": 1}}, {"pk": 46, "model": "auth.permission", "fields": {"codename": "add_announcement", "name": "Can add announcement", "content_type": 16}}, {"pk": 47, "model": "auth.permission", "fields": {"codename": "change_announcement", "name": "Can change announcement", "content_type": 16}}, {"pk": 48, "model": "auth.permission", "fields": {"codename": "delete_announcement", "name": "Can delete announcement", "content_type": 16}}, {"pk": 7, "model": "auth.permission", "fields": {"codename": "add_group", "name": "Can add group", "content_type": 3}}, {"pk": 8, "model": "auth.permission", "fields": {"codename": "change_group", "name": "Can change group", "content_type": 3}}, {"pk": 9, "model": "auth.permission", "fields": {"codename": "delete_group", "name": "Can delete group", "content_type": 3}}, {"pk": 13, "model": "auth.permission", "fields": {"codename": "add_message", "name": "Can add message", "content_type": 5}}, {"pk": 14, "model": "auth.permission", "fields": {"codename": "change_message", "name": "Can change message", "content_type": 5}}, {"pk": 15, "model": "auth.permission", "fields": {"codename": "delete_message", "name": "Can delete message", "content_type": 5}}, {"pk": 4, "model": "auth.permission", "fields": {"codename": "add_permission", "name": "Can add permission", "content_type": 2}}, {"pk": 5, "model": "auth.permission", "fields": {"codename": "change_permission", "name": "Can change permission", "content_type": 2}}, {"pk": 6, "model": "auth.permission", "fields": {"codename": "delete_permission", "name": "Can delete permission", "content_type": 2}}, {"pk": 10, "model": "auth.permission", "fields": {"codename": "add_user", "name": "Can add user", "content_type": 4}}, {"pk": 11, "model": "auth.permission", "fields": {"codename": "change_user", "name": "Can change user", "content_type": 4}}, {"pk": 12, "model": "auth.permission", "fields": {"codename": "delete_user", "name": "Can delete user", "content_type": 4}}, {"pk": 88, "model": "auth.permission", "fields": {"codename": "add_good", "name": "Can add good", "content_type": 29}}, {"pk": 89, "model": "auth.permission", "fields": {"codename": "change_good", "name": "Can change good", "content_type": 29}}, {"pk": 90, "model": "auth.permission", "fields": {"codename": "delete_good", "name": "Can delete good", "content_type": 29}}, {"pk": 91, "model": "auth.permission", "fields": {"codename": "add_goodcost", "name": "Can add good cost", "content_type": 30}}, {"pk": 92, "model": "auth.permission", "fields": {"codename": "change_goodcost", "name": "Can change good cost", "content_type": 30}}, {"pk": 93, "model": "auth.permission", "fields": {"codename": "delete_goodcost", "name": "Can delete good cost", "content_type": 30}}, {"pk": 68, "model": "auth.permission", "fields": {"codename": "add_joingrouprequest", "name": "Can add join group request", "content_type": 23}}, {"pk": 71, "model": "auth.permission", "fields": {"codename": "can_request_group", "name": "Can request group", "content_type": 23}}, {"pk": 69, "model": "auth.permission", "fields": {"codename": "change_joingrouprequest", "name": "Can change join group request", "content_type": 23}}, {"pk": 70, "model": "auth.permission", "fields": {"codename": "delete_joingrouprequest", "name": "Can delete join group request", "content_type": 23}}, {"pk": 85, "model": "auth.permission", "fields": {"codename": "add_oncallduty", "name": "Can add on call duty", "content_type": 28}}, {"pk": 86, "model": "auth.permission", "fields": {"codename": "change_oncallduty", "name": "Can change on call duty", "content_type": 28}}, {"pk": 87, "model": "auth.permission", "fields": {"codename": "delete_oncallduty", "name": "Can delete on call duty", "content_type": 28}}, {"pk": 94, "model": "auth.permission", "fields": {"codename": "add_order", "name": "Can add order", "content_type": 31}}, {"pk": 95, "model": "auth.permission", "fields": {"codename": "change_order", "name": "Can change order", "content_type": 31}}, {"pk": 96, "model": "auth.permission", "fields": {"codename": "delete_order", "name": "Can delete order", "content_type": 31}}, {"pk": 97, "model": "auth.permission", "fields": {"codename": "add_ordergood", "name": "Can add order good", "content_type": 32}}, {"pk": 98, "model": "auth.permission", "fields": {"codename": "change_ordergood", "name": "Can change order good", "content_type": 32}}, {"pk": 99, "model": "auth.permission", "fields": {"codename": "delete_ordergood", "name": "Can delete order good", "content_type": 32}}, {"pk": 64, "model": "auth.permission", "fields": {"codename": "add_profile", "name": "Can add profile", "content_type": 22}}, {"pk": 67, "model": "auth.permission", "fields": {"codename": "available_for_call_duty", "name": "Available for call duty", "content_type": 22}}, {"pk": 65, "model": "auth.permission", "fields": {"codename": "change_profile", "name": "Can change profile", "content_type": 22}}, {"pk": 66, "model": "auth.permission", "fields": {"codename": "delete_profile", "name": "Can delete profile", "content_type": 22}}, {"pk": 72, "model": "auth.permission", "fields": {"codename": "add_semester", "name": "Can add semester", "content_type": 24}}, {"pk": 73, "model": "auth.permission", "fields": {"codename": "change_semester", "name": "Can change semester", "content_type": 24}}, {"pk": 74, "model": "auth.permission", "fields": {"codename": "delete_semester", "name": "Can delete semester", "content_type": 24}}, {"pk": 75, "model": "auth.permission", "fields": {"codename": "add_semestermembership", "name": "Can add semester membership", "content_type": 25}}, {"pk": 76, "model": "auth.permission", "fields": {"codename": "change_semestermembership", "name": "Can change semester membership", "content_type": 25}}, {"pk": 77, "model": "auth.permission", "fields": {"codename": "delete_semestermembership", "name": "Can delete semester membership", "content_type": 25}}, {"pk": 78, "model": "auth.permission", "fields": {"codename": "add_shift", "name": "Can add shift", "content_type": 26}}, {"pk": 79, "model": "auth.permission", "fields": {"codename": "change_shift", "name": "Can change shift", "content_type": 26}}, {"pk": 80, "model": "auth.permission", "fields": {"codename": "delete_shift", "name": "Can delete shift", "content_type": 26}}, {"pk": 81, "model": "auth.permission", "fields": {"codename": "add_shiftsignup", "name": "Can add shift sign-up", "content_type": 27}}, {"pk": 82, "model": "auth.permission", "fields": {"codename": "change_shiftsignup", "name": "Can change shift sign-up", "content_type": 27}}, {"pk": 83, "model": "auth.permission", "fields": {"codename": "delete_shiftsignup", "name": "Can delete shift sign-up", "content_type": 27}}, {"pk": 84, "model": "auth.permission", "fields": {"codename": "self_and_friend_signup", "name": "Can sign up self and friends", "content_type": 27}}, {"pk": 16, "model": "auth.permission", "fields": {"codename": "add_contenttype", "name": "Can add content type", "content_type": 6}}, {"pk": 17, "model": "auth.permission", "fields": {"codename": "change_contenttype", "name": "Can change content type", "content_type": 6}}, {"pk": 18, "model": "auth.permission", "fields": {"codename": "delete_contenttype", "name": "Can delete content type", "content_type": 6}}, {"pk": 103, "model": "auth.permission", "fields": {"codename": "add_association", "name": "Can add association", "content_type": 34}}, {"pk": 104, "model": "auth.permission", "fields": {"codename": "change_association", "name": "Can change association", "content_type": 34}}, {"pk": 105, "model": "auth.permission", "fields": {"codename": "delete_association", "name": "Can delete association", "content_type": 34}}, {"pk": 100, "model": "auth.permission", "fields": {"codename": "add_nonce", "name": "Can add nonce", "content_type": 33}}, {"pk": 101, "model": "auth.permission", "fields": {"codename": "change_nonce", "name": "Can change nonce", "content_type": 33}}, {"pk": 102, "model": "auth.permission", "fields": {"codename": "delete_nonce", "name": "Can delete nonce", "content_type": 33}}, {"pk": 106, "model": "auth.permission", "fields": {"codename": "add_useropenidassociation", "name": "Can add user openid association", "content_type": 35}}, {"pk": 107, "model": "auth.permission", "fields": {"codename": "change_useropenidassociation", "name": "Can change user openid association", "content_type": 35}}, {"pk": 108, "model": "auth.permission", "fields": {"codename": "delete_useropenidassociation", "name": "Can delete user openid association", "content_type": 35}}, {"pk": 40, "model": "auth.permission", "fields": {"codename": "add_emailaddress", "name": "Can add e-mail address", "content_type": 14}}, {"pk": 41, "model": "auth.permission", "fields": {"codename": "change_emailaddress", "name": "Can change e-mail address", "content_type": 14}}, {"pk": 42, "model": "auth.permission", "fields": {"codename": "delete_emailaddress", "name": "Can delete e-mail address", "content_type": 14}}, {"pk": 43, "model": "auth.permission", "fields": {"codename": "add_emailconfirmation", "name": "Can add e-mail confirmation", "content_type": 15}}, {"pk": 44, "model": "auth.permission", "fields": {"codename": "change_emailconfirmation", "name": "Can change e-mail confirmation", "content_type": 15}}, {"pk": 45, "model": "auth.permission", "fields": {"codename": "delete_emailconfirmation", "name": "Can delete e-mail confirmation", "content_type": 15}}, {"pk": 31, "model": "auth.permission", "fields": {"codename": "add_notice", "name": "Can add notice", "content_type": 11}}, {"pk": 32, "model": "auth.permission", "fields": {"codename": "change_notice", "name": "Can change notice", "content_type": 11}}, {"pk": 33, "model": "auth.permission", "fields": {"codename": "delete_notice", "name": "Can delete notice", "content_type": 11}}, {"pk": 34, "model": "auth.permission", "fields": {"codename": "add_noticequeuebatch", "name": "Can add notice queue batch", "content_type": 12}}, {"pk": 35, "model": "auth.permission", "fields": {"codename": "change_noticequeuebatch", "name": "Can change notice queue batch", "content_type": 12}}, {"pk": 36, "model": "auth.permission", "fields": {"codename": "delete_noticequeuebatch", "name": "Can delete notice queue batch", "content_type": 12}}, {"pk": 28, "model": "auth.permission", "fields": {"codename": "add_noticesetting", "name": "Can add notice setting", "content_type": 10}}, {"pk": 29, "model": "auth.permission", "fields": {"codename": "change_noticesetting", "name": "Can change notice setting", "content_type": 10}}, {"pk": 30, "model": "auth.permission", "fields": {"codename": "delete_noticesetting", "name": "Can delete notice setting", "content_type": 10}}, {"pk": 25, "model": "auth.permission", "fields": {"codename": "add_noticetype", "name": "Can add notice type", "content_type": 9}}, {"pk": 26, "model": "auth.permission", "fields": {"codename": "change_noticetype", "name": "Can change notice type", "content_type": 9}}, {"pk": 27, "model": "auth.permission", "fields": {"codename": "delete_noticetype", "name": "Can delete notice type", "content_type": 9}}, {"pk": 37, "model": "auth.permission", "fields": {"codename": "add_observeditem", "name": "Can add observed item", "content_type": 13}}, {"pk": 38, "model": "auth.permission", "fields": {"codename": "change_observeditem", "name": "Can change observed item", "content_type": 13}}, {"pk": 39, "model": "auth.permission", "fields": {"codename": "delete_observeditem", "name": "Can delete observed item", "content_type": 13}}, {"pk": 19, "model": "auth.permission", "fields": {"codename": "add_session", "name": "Can add session", "content_type": 7}}, {"pk": 20, "model": "auth.permission", "fields": {"codename": "change_session", "name": "Can change session", "content_type": 7}}, {"pk": 21, "model": "auth.permission", "fields": {"codename": "delete_session", "name": "Can delete session", "content_type": 7}}, {"pk": 58, "model": "auth.permission", "fields": {"codename": "add_signupcode", "name": "Can add signup code", "content_type": 20}}, {"pk": 59, "model": "auth.permission", "fields": {"codename": "change_signupcode", "name": "Can change signup code", "content_type": 20}}, {"pk": 60, "model": "auth.permission", "fields": {"codename": "delete_signupcode", "name": "Can delete signup code", "content_type": 20}}, {"pk": 61, "model": "auth.permission", "fields": {"codename": "add_signupcoderesult", "name": "Can add signup code result", "content_type": 21}}, {"pk": 62, "model": "auth.permission", "fields": {"codename": "change_signupcoderesult", "name": "Can change signup code result", "content_type": 21}}, {"pk": 63, "model": "auth.permission", "fields": {"codename": "delete_signupcoderesult", "name": "Can delete signup code result", "content_type": 21}}, {"pk": 22, "model": "auth.permission", "fields": {"codename": "add_site", "name": "Can add site", "content_type": 8}}, {"pk": 23, "model": "auth.permission", "fields": {"codename": "change_site", "name": "Can change site", "content_type": 8}}, {"pk": 24, "model": "auth.permission", "fields": {"codename": "delete_site", "name": "Can delete site", "content_type": 8}}, {"pk": 106, "model": "admin.logentry", "fields": {"action_flag": 3, "action_time": "2010-10-11 21:29:04", "object_repr": "voldu725", "object_id": "92", "change_message": "", "user": 1, "content_type": 4}}, {"pk": 105, "model": "admin.logentry", "fields": {"action_flag": 3, "action_time": "2010-10-11 21:29:04", "object_repr": "vitdu227", "object_id": "29", "change_message": "", "user": 1, "content_type": 4}}, {"pk": 104, "model": "admin.logentry", "fields": {"action_flag": 3, "action_time": "2010-10-11 21:29:04", "object_repr": "verdu377", "object_id": "75", "change_message": "", "user": 1, "content_type": 4}}, {"pk": 103, "model": "admin.logentry", "fields": {"action_flag": 3, "action_time": "2010-10-11 21:29:04", "object_repr": "vendu204", "object_id": "78", "change_message": "", "user": 1, "content_type": 4}}, {"pk": 102, "model": "admin.logentry", "fields": {"action_flag": 3, "action_time": "2010-10-11 21:29:04", "object_repr": "veldu985", "object_id": "18", "change_message": "", "user": 1, "content_type": 4}}, {"pk": 101, "model": "admin.logentry", "fields": {"action_flag": 3, "action_time": "2010-10-11 21:29:04", "object_repr": "ulldu120", "object_id": "84", "change_message": "", "user": 1, "content_type": 4}}, {"pk": 100, "model": "admin.logentry", "fields": {"action_flag": 3, "action_time": "2010-10-11 21:29:04", "object_repr": "ulldu017", "object_id": "55", "change_message": "", "user": 1, "content_type": 4}}, {"pk": 99, "model": "admin.logentry", "fields": {"action_flag": 3, "action_time": "2010-10-11 21:29:04", "object_repr": "temdu648", "object_id": "76", "change_message": "", "user": 1, "content_type": 4}}, {"pk": 98, "model": "admin.logentry", "fields": {"action_flag": 3, "action_time": "2010-10-11 21:29:04", "object_repr": "temdu442", "object_id": "24", "change_message": "", "user": 1, "content_type": 4}}, {"pk": 97, "model": "admin.logentry", "fields": {"action_flag": 3, "action_time": "2010-10-11 21:29:04", "object_repr": "seqdu419", "object_id": "20", "change_message": "", "user": 1, "content_type": 4}}, {"pk": 96, "model": "admin.logentry", "fields": {"action_flag": 3, "action_time": "2010-10-11 21:29:04", "object_repr": "sapdu287", "object_id": "36", "change_message": "", "user": 1, "content_type": 4}}, {"pk": 95, "model": "admin.logentry", "fields": {"action_flag": 3, "action_time": "2010-10-11 21:29:04", "object_repr": "saedu838", "object_id": "74", "change_message": "", "user": 1, "content_type": 4}}, {"pk": 94, "model": "admin.logentry", "fields": {"action_flag": 3, "action_time": "2010-10-11 21:29:04", "object_repr": "repdu213", "object_id": "8", "change_message": "", "user": 1, "content_type": 4}}, {"pk": 93, "model": "admin.logentry", "fields": {"action_flag": 3, "action_time": "2010-10-11 21:29:04", "object_repr": "remdu363", "object_id": "70", "change_message": "", "user": 1, "content_type": 4}}, {"pk": 92, "model": "admin.logentry", "fields": {"action_flag": 3, "action_time": "2010-10-11 21:29:04", "object_repr": "recdu087", "object_id": "30", "change_message": "", "user": 1, "content_type": 4}}, {"pk": 91, "model": "admin.logentry", "fields": {"action_flag": 3, "action_time": "2010-10-11 21:29:04", "object_repr": "ratdu980", "object_id": "64", "change_message": "", "user": 1, "content_type": 4}}, {"pk": 90, "model": "admin.logentry", "fields": {"action_flag": 3, "action_time": "2010-10-11 21:29:04", "object_repr": "quidu474", "object_id": "10", "change_message": "", "user": 1, "content_type": 4}}, {"pk": 89, "model": "admin.logentry", "fields": {"action_flag": 3, "action_time": "2010-10-11 21:29:04", "object_repr": "quidu421", "object_id": "65", "change_message": "", "user": 1, "content_type": 4}}, {"pk": 88, "model": "admin.logentry", "fields": {"action_flag": 3, "action_time": "2010-10-11 21:29:04", "object_repr": "quidu403", "object_id": "59", "change_message": "", "user": 1, "content_type": 4}}, {"pk": 87, "model": "admin.logentry", "fields": {"action_flag": 3, "action_time": "2010-10-11 21:29:04", "object_repr": "quidu387", "object_id": "62", "change_message": "", "user": 1, "content_type": 4}}, {"pk": 86, "model": "admin.logentry", "fields": {"action_flag": 3, "action_time": "2010-10-11 21:29:04", "object_repr": "quidu128", "object_id": "14", "change_message": "", "user": 1, "content_type": 4}}, {"pk": 85, "model": "admin.logentry", "fields": {"action_flag": 3, "action_time": "2010-10-11 21:29:04", "object_repr": "quadu615", "object_id": "94", "change_message": "", "user": 1, "content_type": 4}}, {"pk": 84, "model": "admin.logentry", "fields": {"action_flag": 3, "action_time": "2010-10-11 21:29:04", "object_repr": "quadu210", "object_id": "67", "change_message": "", "user": 1, "content_type": 4}}, {"pk": 83, "model": "admin.logentry", "fields": {"action_flag": 3, "action_time": "2010-10-11 21:29:04", "object_repr": "quadu107", "object_id": "13", "change_message": "", "user": 1, "content_type": 4}}, {"pk": 82, "model": "admin.logentry", "fields": {"action_flag": 3, "action_time": "2010-10-11 21:29:04", "object_repr": "pradu933", "object_id": "4", "change_message": "", "user": 1, "content_type": 4}}, {"pk": 81, "model": "admin.logentry", "fields": {"action_flag": 3, "action_time": "2010-10-11 21:29:04", "object_repr": "pradu796", "object_id": "51", "change_message": "", "user": 1, "content_type": 4}}, {"pk": 80, "model": "admin.logentry", "fields": {"action_flag": 3, "action_time": "2010-10-11 21:29:04", "object_repr": "posdu396", "object_id": "39", "change_message": "", "user": 1, "content_type": 4}}, {"pk": 79, "model": "admin.logentry", "fields": {"action_flag": 3, "action_time": "2010-10-11 21:29:04", "object_repr": "perdu263", "object_id": "43", "change_message": "", "user": 1, "content_type": 4}}, {"pk": 78, "model": "admin.logentry", "fields": {"action_flag": 3, "action_time": "2010-10-11 21:29:04", "object_repr": "pardu759", "object_id": "82", "change_message": "", "user": 1, "content_type": 4}}, {"pk": 77, "model": "admin.logentry", "fields": {"action_flag": 3, "action_time": "2010-10-11 21:29:04", "object_repr": "pardu588", "object_id": "69", "change_message": "", "user": 1, "content_type": 4}}, {"pk": 76, "model": "admin.logentry", "fields": {"action_flag": 3, "action_time": "2010-10-11 21:29:04", "object_repr": "pardu152", "object_id": "66", "change_message": "", "user": 1, "content_type": 4}}, {"pk": 75, "model": "admin.logentry", "fields": {"action_flag": 3, "action_time": "2010-10-11 21:29:04", "object_repr": "offdu700", "object_id": "91", "change_message": "", "user": 1, "content_type": 4}}, {"pk": 74, "model": "admin.logentry", "fields": {"action_flag": 3, "action_time": "2010-10-11 21:29:04", "object_repr": "odidu700", "object_id": "100", "change_message": "", "user": 1, "content_type": 4}}, {"pk": 73, "model": "admin.logentry", "fields": {"action_flag": 3, "action_time": "2010-10-11 21:29:04", "object_repr": "obcdu867", "object_id": "2", "change_message": "", "user": 1, "content_type": 4}}, {"pk": 72, "model": "admin.logentry", "fields": {"action_flag": 3, "action_time": "2010-10-11 21:29:04", "object_repr": "nosdu769", "object_id": "68", "change_message": "", "user": 1, "content_type": 4}}, {"pk": 71, "model": "admin.logentry", "fields": {"action_flag": 3, "action_time": "2010-10-11 21:29:04", "object_repr": "nobdu593", "object_id": "95", "change_message": "", "user": 1, "content_type": 4}}, {"pk": 70, "model": "admin.logentry", "fields": {"action_flag": 3, "action_time": "2010-10-11 21:29:04", "object_repr": "nesdu568", "object_id": "37", "change_message": "", "user": 1, "content_type": 4}}, {"pk": 69, "model": "admin.logentry", "fields": {"action_flag": 3, "action_time": "2010-10-11 21:29:03", "object_repr": "neqdu964", "object_id": "19", "change_message": "", "user": 1, "content_type": 4}}, {"pk": 68, "model": "admin.logentry", "fields": {"action_flag": 3, "action_time": "2010-10-11 21:29:03", "object_repr": "nemdu538", "object_id": "7", "change_message": "", "user": 1, "content_type": 4}}, {"pk": 67, "model": "admin.logentry", "fields": {"action_flag": 3, "action_time": "2010-10-11 21:29:03", "object_repr": "moddu463", "object_id": "96", "change_message": "", "user": 1, "content_type": 4}}, {"pk": 66, "model": "admin.logentry", "fields": {"action_flag": 3, "action_time": "2010-10-11 21:29:03", "object_repr": "mindu049", "object_id": "85", "change_message": "", "user": 1, "content_type": 4}}, {"pk": 65, "model": "admin.logentry", "fields": {"action_flag": 3, "action_time": "2010-10-11 21:29:03", "object_repr": "maxdu260", "object_id": "12", "change_message": "", "user": 1, "content_type": 4}}, {"pk": 64, "model": "admin.logentry", "fields": {"action_flag": 3, "action_time": "2010-10-11 21:29:03", "object_repr": "maidu932", "object_id": "97", "change_message": "", "user": 1, "content_type": 4}}, {"pk": 63, "model": "admin.logentry", "fields": {"action_flag": 3, "action_time": "2010-10-11 21:29:03", "object_repr": "libdu240", "object_id": "5", "change_message": "", "user": 1, "content_type": 4}}, {"pk": 62, "model": "admin.logentry", "fields": {"action_flag": 3, "action_time": "2010-10-11 21:29:03", "object_repr": "ipsdu236", "object_id": "32", "change_message": "", "user": 1, "content_type": 4}}, {"pk": 61, "model": "admin.logentry", "fields": {"action_flag": 3, "action_time": "2010-10-11 21:29:03", "object_repr": "inmdu673", "object_id": "88", "change_message": "", "user": 1, "content_type": 4}}, {"pk": 60, "model": "admin.logentry", "fields": {"action_flag": 3, "action_time": "2010-10-11 21:29:03", "object_repr": "incdu004", "object_id": "9", "change_message": "", "user": 1, "content_type": 4}}, {"pk": 59, "model": "admin.logentry", "fields": {"action_flag": 3, "action_time": "2010-10-11 21:29:03", "object_repr": "illdu727", "object_id": "17", "change_message": "", "user": 1, "content_type": 4}}, {"pk": 58, "model": "admin.logentry", "fields": {"action_flag": 3, "action_time": "2010-10-11 21:29:03", "object_repr": "illdu065", "object_id": "6", "change_message": "", "user": 1, "content_type": 4}}, {"pk": 57, "model": "admin.logentry", "fields": {"action_flag": 3, "action_time": "2010-10-11 21:29:03", "object_repr": "illdu050", "object_id": "73", "change_message": "", "user": 1, "content_type": 4}}, {"pk": 56, "model": "admin.logentry", "fields": {"action_flag": 3, "action_time": "2010-10-11 21:29:03", "object_repr": "idadu259", "object_id": "60", "change_message": "", "user": 1, "content_type": 4}}, {"pk": 55, "model": "admin.logentry", "fields": {"action_flag": 3, "action_time": "2010-10-11 21:29:03", "object_repr": "fugdu849", "object_id": "38", "change_message": "", "user": 1, "content_type": 4}}, {"pk": 54, "model": "admin.logentry", "fields": {"action_flag": 3, "action_time": "2010-10-11 21:29:03", "object_repr": "fugdu589", "object_id": "47", "change_message": "", "user": 1, "content_type": 4}}, {"pk": 53, "model": "admin.logentry", "fields": {"action_flag": 3, "action_time": "2010-10-11 21:29:03", "object_repr": "fugdu488", "object_id": "11", "change_message": "", "user": 1, "content_type": 4}}, {"pk": 52, "model": "admin.logentry", "fields": {"action_flag": 3, "action_time": "2010-10-11 21:29:03", "object_repr": "fugdu247", "object_id": "87", "change_message": "", "user": 1, "content_type": 4}}, {"pk": 51, "model": "admin.logentry", "fields": {"action_flag": 3, "action_time": "2010-10-11 21:29:03", "object_repr": "facdu286", "object_id": "54", "change_message": "", "user": 1, "content_type": 4}}, {"pk": 50, "model": "admin.logentry", "fields": {"action_flag": 3, "action_time": "2010-10-11 21:29:03", "object_repr": "expdu367", "object_id": "90", "change_message": "", "user": 1, "content_type": 4}}, {"pk": 49, "model": "admin.logentry", "fields": {"action_flag": 3, "action_time": "2010-10-11 21:29:03", "object_repr": "exedu755", "object_id": "15", "change_message": "", "user": 1, "content_type": 4}}, {"pk": 48, "model": "admin.logentry", "fields": {"action_flag": 3, "action_time": "2010-10-11 21:29:03", "object_repr": "exedu656", "object_id": "61", "change_message": "", "user": 1, "content_type": 4}}, {"pk": 47, "model": "admin.logentry", "fields": {"action_flag": 3, "action_time": "2010-10-11 21:29:03", "object_repr": "exedu341", "object_id": "46", "change_message": "", "user": 1, "content_type": 4}}, {"pk": 46, "model": "admin.logentry", "fields": {"action_flag": 3, "action_time": "2010-10-11 21:29:03", "object_repr": "evedu902", "object_id": "89", "change_message": "", "user": 1, "content_type": 4}}, {"pk": 45, "model": "admin.logentry", "fields": {"action_flag": 3, "action_time": "2010-10-11 21:29:03", "object_repr": "evedu760", "object_id": "99", "change_message": "", "user": 1, "content_type": 4}}, {"pk": 44, "model": "admin.logentry", "fields": {"action_flag": 3, "action_time": "2010-10-11 21:29:03", "object_repr": "eumdu189", "object_id": "49", "change_message": "", "user": 1, "content_type": 4}}, {"pk": 43, "model": "admin.logentry", "fields": {"action_flag": 3, "action_time": "2010-10-11 21:29:03", "object_repr": "estdu306", "object_id": "35", "change_message": "", "user": 1, "content_type": 4}}, {"pk": 42, "model": "admin.logentry", "fields": {"action_flag": 3, "action_time": "2010-10-11 21:29:03", "object_repr": "estdu123", "object_id": "44", "change_message": "", "user": 1, "content_type": 4}}, {"pk": 41, "model": "admin.logentry", "fields": {"action_flag": 3, "action_time": "2010-10-11 21:29:03", "object_repr": "estdu030", "object_id": "81", "change_message": "", "user": 1, "content_type": 4}}, {"pk": 40, "model": "admin.logentry", "fields": {"action_flag": 3, "action_time": "2010-10-11 21:29:03", "object_repr": "enidu398", "object_id": "56", "change_message": "", "user": 1, "content_type": 4}}, {"pk": 39, "model": "admin.logentry", "fields": {"action_flag": 3, "action_time": "2010-10-11 21:29:03", "object_repr": "elidu697", "object_id": "28", "change_message": "", "user": 1, "content_type": 4}}, {"pk": 38, "model": "admin.logentry", "fields": {"action_flag": 3, "action_time": "2010-10-11 21:29:03", "object_repr": "elidu617", "object_id": "86", "change_message": "", "user": 1, "content_type": 4}}, {"pk": 37, "model": "admin.logentry", "fields": {"action_flag": 3, "action_time": "2010-10-11 21:29:03", "object_repr": "eardu477", "object_id": "52", "change_message": "", "user": 1, "content_type": 4}}, {"pk": 36, "model": "admin.logentry", "fields": {"action_flag": 3, "action_time": "2010-10-11 21:29:03", "object_repr": "eardu283", "object_id": "48", "change_message": "", "user": 1, "content_type": 4}}, {"pk": 35, "model": "admin.logentry", "fields": {"action_flag": 3, "action_time": "2010-10-11 21:29:03", "object_repr": "ducdu763", "object_id": "27", "change_message": "", "user": 1, "content_type": 4}}, {"pk": 34, "model": "admin.logentry", "fields": {"action_flag": 3, "action_time": "2010-10-11 21:29:03", "object_repr": "ducdu155", "object_id": "21", "change_message": "", "user": 1, "content_type": 4}}, {"pk": 33, "model": "admin.logentry", "fields": {"action_flag": 3, "action_time": "2010-10-11 21:29:03", "object_repr": "doldu904", "object_id": "41", "change_message": "", "user": 1, "content_type": 4}}, {"pk": 32, "model": "admin.logentry", "fields": {"action_flag": 3, "action_time": "2010-10-11 21:29:03", "object_repr": "doldu856", "object_id": "80", "change_message": "", "user": 1, "content_type": 4}}, {"pk": 31, "model": "admin.logentry", "fields": {"action_flag": 3, "action_time": "2010-10-11 21:29:03", "object_repr": "doldu372", "object_id": "77", "change_message": "", "user": 1, "content_type": 4}}, {"pk": 30, "model": "admin.logentry", "fields": {"action_flag": 3, "action_time": "2010-10-11 21:29:03", "object_repr": "doldu326", "object_id": "25", "change_message": "", "user": 1, "content_type": 4}}, {"pk": 29, "model": "admin.logentry", "fields": {"action_flag": 3, "action_time": "2010-10-11 21:29:03", "object_repr": "doldu168", "object_id": "79", "change_message": "", "user": 1, "content_type": 4}}, {"pk": 28, "model": "admin.logentry", "fields": {"action_flag": 3, "action_time": "2010-10-11 21:29:03", "object_repr": "dicdu427", "object_id": "98", "change_message": "", "user": 1, "content_type": 4}}, {"pk": 27, "model": "admin.logentry", "fields": {"action_flag": 3, "action_time": "2010-10-11 21:29:03", "object_repr": "cumdu913", "object_id": "71", "change_message": "", "user": 1, "content_type": 4}}, {"pk": 26, "model": "admin.logentry", "fields": {"action_flag": 3, "action_time": "2010-10-11 21:29:03", "object_repr": "cumdu082", "object_id": "23", "change_message": "", "user": 1, "content_type": 4}}, {"pk": 25, "model": "admin.logentry", "fields": {"action_flag": 3, "action_time": "2010-10-11 21:29:03", "object_repr": "condu780", "object_id": "58", "change_message": "", "user": 1, "content_type": 4}}, {"pk": 24, "model": "admin.logentry", "fields": {"action_flag": 3, "action_time": "2010-10-11 21:29:03", "object_repr": "condu294", "object_id": "34", "change_message": "", "user": 1, "content_type": 4}}, {"pk": 23, "model": "admin.logentry", "fields": {"action_flag": 3, "action_time": "2010-10-11 21:29:03", "object_repr": "condu289", "object_id": "72", "change_message": "", "user": 1, "content_type": 4}}, {"pk": 22, "model": "admin.logentry", "fields": {"action_flag": 3, "action_time": "2010-10-11 21:29:03", "object_repr": "bladu176", "object_id": "50", "change_message": "", "user": 1, "content_type": 4}}, {"pk": 21, "model": "admin.logentry", "fields": {"action_flag": 3, "action_time": "2010-10-11 21:29:03", "object_repr": "autdu975", "object_id": "16", "change_message": "", "user": 1, "content_type": 4}}, {"pk": 20, "model": "admin.logentry", "fields": {"action_flag": 3, "action_time": "2010-10-11 21:29:03", "object_repr": "atqdu964", "object_id": "93", "change_message": "", "user": 1, "content_type": 4}}, {"pk": 19, "model": "admin.logentry", "fields": {"action_flag": 3, "action_time": "2010-10-11 21:29:03", "object_repr": "atqdu029", "object_id": "63", "change_message": "", "user": 1, "content_type": 4}}, {"pk": 18, "model": "admin.logentry", "fields": {"action_flag": 3, "action_time": "2010-10-11 21:29:03", "object_repr": "assdu886", "object_id": "45", "change_message": "", "user": 1, "content_type": 4}}, {"pk": 17, "model": "admin.logentry", "fields": {"action_flag": 3, "action_time": "2010-10-11 21:29:03", "object_repr": "aspdu621", "object_id": "31", "change_message": "", "user": 1, "content_type": 4}}, {"pk": 16, "model": "admin.logentry", "fields": {"action_flag": 3, "action_time": "2010-10-11 21:29:03", "object_repr": "arcdu289", "object_id": "40", "change_message": "", "user": 1, "content_type": 4}}, {"pk": 15, "model": "admin.logentry", "fields": {"action_flag": 3, "action_time": "2010-10-11 21:29:03", "object_repr": "arcdu023", "object_id": "33", "change_message": "", "user": 1, "content_type": 4}}, {"pk": 14, "model": "admin.logentry", "fields": {"action_flag": 3, "action_time": "2010-10-11 21:29:03", "object_repr": "apedu321", "object_id": "22", "change_message": "", "user": 1, "content_type": 4}}, {"pk": 13, "model": "admin.logentry", "fields": {"action_flag": 3, "action_time": "2010-10-11 21:29:03", "object_repr": "anidu240", "object_id": "3", "change_message": "", "user": 1, "content_type": 4}}, {"pk": 12, "model": "admin.logentry", "fields": {"action_flag": 3, "action_time": "2010-10-11 21:29:03", "object_repr": "amedu148", "object_id": "83", "change_message": "", "user": 1, "content_type": 4}}, {"pk": 11, "model": "admin.logentry", "fields": {"action_flag": 3, "action_time": "2010-10-11 21:29:03", "object_repr": "alidu898", "object_id": "26", "change_message": "", "user": 1, "content_type": 4}}, {"pk": 10, "model": "admin.logentry", "fields": {"action_flag": 3, "action_time": "2010-10-11 21:29:03", "object_repr": "adidu651", "object_id": "53", "change_message": "", "user": 1, "content_type": 4}}, {"pk": 9, "model": "admin.logentry", "fields": {"action_flag": 3, "action_time": "2010-10-11 21:29:03", "object_repr": "accdu040", "object_id": "42", "change_message": "", "user": 1, "content_type": 4}}, {"pk": 8, "model": "admin.logentry", "fields": {"action_flag": 3, "action_time": "2010-10-11 21:29:03", "object_repr": "abtdu372", "object_id": "57", "change_message": "", "user": 1, "content_type": 4}}, {"pk": 7, "model": "admin.logentry", "fields": {"action_flag": 1, "action_time": "2010-10-11 21:26:01", "object_repr": "workers", "object_id": "2", "change_message": "", "user": 1, "content_type": 3}}, {"pk": 6, "model": "admin.logentry", "fields": {"action_flag": 2, "action_time": "2010-10-11 14:30:03", "object_repr": "localhost:8000", "object_id": "1", "change_message": "\u00c4ndrade domain och name.", "user": 1, "content_type": 8}}, {"pk": 5, "model": "admin.logentry", "fields": {"action_flag": 2, "action_time": "2010-10-11 14:18:03", "object_repr": "admin", "object_id": "1", "change_message": "\u00c4ndrade groups.", "user": 1, "content_type": 4}}, {"pk": 4, "model": "admin.logentry", "fields": {"action_flag": 1, "action_time": "2010-10-11 14:17:51", "object_repr": "board", "object_id": "1", "change_message": "", "user": 1, "content_type": 3}}, {"pk": 3, "model": "admin.logentry", "fields": {"action_flag": 2, "action_time": "2010-10-11 14:16:41", "object_repr": "admin", "object_id": "1", "change_message": "\u00c4ndrade first_name och last_name.", "user": 1, "content_type": 4}}, {"pk": 2, "model": "admin.logentry", "fields": {"action_flag": 1, "action_time": "2010-10-11 14:14:51", "object_repr": "HT2010", "object_id": "2", "change_message": "", "user": 1, "content_type": 24}}, {"pk": 1, "model": "admin.logentry", "fields": {"action_flag": 1, "action_time": "2010-10-11 14:13:41", "object_repr": "VT2010", "object_id": "1", "change_message": "", "user": 1, "content_type": 24}}, {"pk": 1, "model": "auth.group", "fields": {"name": "board", "permissions": [88, 89, 90, 91, 92, 93, 68, 71, 69, 70, 85, 86, 87, 94, 95, 96, 97, 98, 99, 64, 67, 65, 66, 72, 73, 74, 75, 76, 77, 78, 79, 80, 81, 82, 83, 84]}}, {"pk": 2, "model": "auth.group", "fields": {"name": "workers", "permissions": [84]}}, {"pk": 1, "model": "auth.user", "fields": {"username": "admin", "first_name": "Simon", "last_name": "Pantzare", "is_active": true, "is_superuser": true, "is_staff": true, "last_login": "2010-10-11 21:25:30", "groups": [1], "user_permissions": [], "password": "sha1$61ac8$12deea0b5eb6c4f9f6afbe51279036d37ce5ffe7", "email": "simon@spantz.org", "date_joined": "2010-10-11 14:12:05"}}]