[{"pk": 21, "model": "contenttypes.contenttype", "fields": {"model": "account", "name": "account", "app_label": "account"}}, {"pk": 32, "model": "contenttypes.contenttype", "fields": {"model": "afternoonshift", "name": "afternoon shift", "app_label": "cal"}}, {"pk": 19, "model": "contenttypes.contenttype", "fields": {"model": "announcement", "name": "announcement", "app_label": "announcements"}}, {"pk": 38, "model": "contenttypes.contenttype", "fields": {"model": "association", "name": "association", "app_label": "django_openid"}}, {"pk": 6, "model": "contenttypes.contenttype", "fields": {"model": "contenttype", "name": "content type", "app_label": "contenttypes"}}, {"pk": 17, "model": "contenttypes.contenttype", "fields": {"model": "dontsendentry", "name": "don't send entry", "app_label": "mailer"}}, {"pk": 14, "model": "contenttypes.contenttype", "fields": {"model": "emailaddress", "name": "e-mail address", "app_label": "emailconfirmation"}}, {"pk": 15, "model": "contenttypes.contenttype", "fields": {"model": "emailconfirmation", "name": "e-mail confirmation", "app_label": "emailconfirmation"}}, {"pk": 3, "model": "contenttypes.contenttype", "fields": {"model": "group", "name": "group", "app_label": "auth"}}, {"pk": 26, "model": "contenttypes.contenttype", "fields": {"model": "item", "name": "item", "app_label": "terminal"}}, {"pk": 40, "model": "contenttypes.contenttype", "fields": {"model": "joingrouprequest", "name": "join group request", "app_label": "liu"}}, {"pk": 1, "model": "contenttypes.contenttype", "fields": {"model": "logentry", "name": "log entry", "app_label": "admin"}}, {"pk": 5, "model": "contenttypes.contenttype", "fields": {"model": "message", "name": "message", "app_label": "auth"}}, {"pk": 16, "model": "contenttypes.contenttype", "fields": {"model": "message", "name": "message", "app_label": "mailer"}}, {"pk": 18, "model": "contenttypes.contenttype", "fields": {"model": "messagelog", "name": "message log", "app_label": "mailer"}}, {"pk": 31, "model": "contenttypes.contenttype", "fields": {"model": "morningshift", "name": "morning shift", "app_label": "cal"}}, {"pk": 37, "model": "contenttypes.contenttype", "fields": {"model": "nonce", "name": "nonce", "app_label": "django_openid"}}, {"pk": 11, "model": "contenttypes.contenttype", "fields": {"model": "notice", "name": "notice", "app_label": "notification"}}, {"pk": 12, "model": "contenttypes.contenttype", "fields": {"model": "noticequeuebatch", "name": "notice queue batch", "app_label": "notification"}}, {"pk": 10, "model": "contenttypes.contenttype", "fields": {"model": "noticesetting", "name": "notice setting", "app_label": "notification"}}, {"pk": 9, "model": "contenttypes.contenttype", "fields": {"model": "noticetype", "name": "notice type", "app_label": "notification"}}, {"pk": 13, "model": "contenttypes.contenttype", "fields": {"model": "observeditem", "name": "observed item", "app_label": "notification"}}, {"pk": 27, "model": "contenttypes.contenttype", "fields": {"model": "order", "name": "order", "app_label": "terminal"}}, {"pk": 28, "model": "contenttypes.contenttype", "fields": {"model": "orderitem", "name": "order item", "app_label": "terminal"}}, {"pk": 22, "model": "contenttypes.contenttype", "fields": {"model": "otherserviceinfo", "name": "other service info", "app_label": "account"}}, {"pk": 23, "model": "contenttypes.contenttype", "fields": {"model": "passwordreset", "name": "password reset", "app_label": "account"}}, {"pk": 2, "model": "contenttypes.contenttype", "fields": {"model": "permission", "name": "permission", "app_label": "auth"}}, {"pk": 20, "model": "contenttypes.contenttype", "fields": {"model": "profile", "name": "profile", "app_label": "basic_profiles"}}, {"pk": 34, "model": "contenttypes.contenttype", "fields": {"model": "scheduledafternoon", "name": "scheduled afternoon", "app_label": "cal"}}, {"pk": 33, "model": "contenttypes.contenttype", "fields": {"model": "scheduledmorning", "name": "scheduled morning", "app_label": "cal"}}, {"pk": 7, "model": "contenttypes.contenttype", "fields": {"model": "session", "name": "session", "app_label": "sessions"}}, {"pk": 24, "model": "contenttypes.contenttype", "fields": {"model": "signupcode", "name": "signup code", "app_label": "signup_codes"}}, {"pk": 25, "model": "contenttypes.contenttype", "fields": {"model": "signupcoderesult", "name": "signup code result", "app_label": "signup_codes"}}, {"pk": 8, "model": "contenttypes.contenttype", "fields": {"model": "site", "name": "site", "app_label": "sites"}}, {"pk": 30, "model": "contenttypes.contenttype", "fields": {"model": "student", "name": "student", "app_label": "liu"}}, {"pk": 36, "model": "contenttypes.contenttype", "fields": {"model": "swappossibility", "name": "swap possibility", "app_label": "cal"}}, {"pk": 35, "model": "contenttypes.contenttype", "fields": {"model": "swaprequest", "name": "swap request", "app_label": "cal"}}, {"pk": 29, "model": "contenttypes.contenttype", "fields": {"model": "tagshown", "name": "tag shown", "app_label": "terminal"}}, {"pk": 4, "model": "contenttypes.contenttype", "fields": {"model": "user", "name": "user", "app_label": "auth"}}, {"pk": 39, "model": "contenttypes.contenttype", "fields": {"model": "useropenidassociation", "name": "user openid association", "app_label": "django_openid"}}, {"pk": "87ee3fbecab7beb70bf6363b33530df9", "model": "sessions.session", "fields": {"expire_date": "2010-08-04 17:55:17", "session_data": "gAJ9cQEoVRJfYXV0aF91c2VyX2JhY2tlbmRxAlUpZGphbmdvLmNvbnRyaWIuYXV0aC5iYWNrZW5k\ncy5Nb2RlbEJhY2tlbmRxA1UNX2F1dGhfdXNlcl9pZHEESwFVD19zZXNzaW9uX2V4cGlyeXEFSwB1\nLjY2MTk5MWM0NDI0MmEwNTA4MDkzMjAxOTNhZTNhNGE4\n"}}, {"pk": "7f465adcf75548c8d4e2d8c1fa60624c", "model": "sessions.session", "fields": {"expire_date": "2010-08-05 22:00:44", "session_data": "gAJ9cQEoVRJfYXV0aF91c2VyX2JhY2tlbmRxAlUpZGphbmdvLmNvbnRyaWIuYXV0aC5iYWNrZW5k\ncy5Nb2RlbEJhY2tlbmRxA1UNX2F1dGhfdXNlcl9pZHEESwF1LmE4MTM2NmQ0OTk2YmE5MjU0YTVi\nZjhiYzk2NWY5MWRm\n"}}, {"pk": "d2bb69c061a871750dc29ca18e901304", "model": "sessions.session", "fields": {"expire_date": "2010-08-03 20:19:25", "session_data": "gAJ9cQEoVRJfYXV0aF91c2VyX2JhY2tlbmRxAlUpZGphbmdvLmNvbnRyaWIuYXV0aC5iYWNrZW5k\ncy5Nb2RlbEJhY2tlbmRxA1UNX2F1dGhfdXNlcl9pZHEESwRVD19zZXNzaW9uX2V4cGlyeXEFSwB1\nLjNhMzdiMmZlOGY0MDgxMTgwNDkwY2MwYWIzODc2MWFk\n"}}, {"pk": "9286e8a8c8e904b134ff2cf9ccc2b577", "model": "sessions.session", "fields": {"expire_date": "2010-08-03 21:17:00", "session_data": "gAJ9cQEoVQ9fc2Vzc2lvbl9leHBpcnlxAksAVQp0ZXN0Y29va2llcQNVBndvcmtlZHEEVQ1fYXV0\naF91c2VyX2lkcQVLAlUSX2F1dGhfdXNlcl9iYWNrZW5kcQZVKWRqYW5nby5jb250cmliLmF1dGgu\nYmFja2VuZHMuTW9kZWxCYWNrZW5kcQd1Ljk0NDA4ZmU4ZWYzNzIzZWIwNTM0M2I1ZjMyZGJhZjUy\n"}}, {"pk": "c1763daa26e8b69058c3d15764d66031", "model": "sessions.session", "fields": {"expire_date": "2010-08-03 22:31:32", "session_data": "gAJ9cQEoVRJfYXV0aF91c2VyX2JhY2tlbmRxAlUpZGphbmdvLmNvbnRyaWIuYXV0aC5iYWNrZW5k\ncy5Nb2RlbEJhY2tlbmRxA1UNX2F1dGhfdXNlcl9pZHEESwNVCnRlc3Rjb29raWVxBVUGd29ya2Vk\ncQZVD19zZXNzaW9uX2V4cGlyeXEHSwB1LmYzMGUyNGIzNjgxZTE3NGE2Mzg1ODMyZTUxOGNmMTg1\n"}}, {"pk": "bccdd2423ad6674c25ee192a7f328f77", "model": "sessions.session", "fields": {"expire_date": "2010-08-04 00:15:00", "session_data": "gAJ9cQEoVRJfYXV0aF91c2VyX2JhY2tlbmRxAlUpZGphbmdvLmNvbnRyaWIuYXV0aC5iYWNrZW5k\ncy5Nb2RlbEJhY2tlbmRxA1UNX2F1dGhfdXNlcl9pZHEESwFVD19zZXNzaW9uX2V4cGlyeXEFSwB1\nLjY2MTk5MWM0NDI0MmEwNTA4MDkzMjAxOTNhZTNhNGE4\n"}}, {"pk": 1, "model": "sites.site", "fields": {"domain": "example.com", "name": "example.com"}}, {"pk": 1, "model": "notification.noticetype", "fields": {"default": 2, "description": "you have received an announcement", "display": "Announcement", "label": "announcement"}}, {"pk": 1, "model": "notification.noticesetting", "fields": {"notice_type": 1, "medium": "1", "user": 1, "send": true}}, {"pk": 2, "model": "notification.noticesetting", "fields": {"notice_type": 1, "medium": "1", "user": 4, "send": true}}, {"pk": 1, "model": "emailconfirmation.emailaddress", "fields": {"verified": true, "user": 3, "primary": true, "email": ""}}, {"pk": 2, "model": "emailconfirmation.emailaddress", "fields": {"verified": true, "user": 1, "primary": true, "email": "simpa395@student.liu.se"}}, {"pk": 3, "model": "emailconfirmation.emailaddress", "fields": {"verified": true, "user": 2, "primary": true, "email": ""}}, {"pk": 4, "model": "emailconfirmation.emailaddress", "fields": {"verified": true, "user": 4, "primary": true, "email": ""}}, {"pk": 1, "model": "basic_profiles.profile", "fields": {"website": null, "about": null, "location": null, "user": 1, "name": null}}, {"pk": 2, "model": "basic_profiles.profile", "fields": {"website": null, "about": null, "location": null, "user": 3, "name": null}}, {"pk": 3, "model": "basic_profiles.profile", "fields": {"website": null, "about": null, "location": null, "user": 2, "name": null}}, {"pk": 4, "model": "basic_profiles.profile", "fields": {"website": null, "about": null, "location": null, "user": 4, "name": null}}, {"pk": 1, "model": "account.account", "fields": {"timezone": "Europe/Stockholm", "user": 1, "language": "sv"}}, {"pk": 2, "model": "account.account", "fields": {"timezone": "Europe/Stockholm", "user": 3, "language": "sv"}}, {"pk": 3, "model": "account.account", "fields": {"timezone": "Europe/Stockholm", "user": 2, "language": "sv"}}, {"pk": 4, "model": "account.account", "fields": {"timezone": "Europe/Stockholm", "user": 4, "language": "sv"}}, {"pk": 1, "model": "terminal.item", "fields": {"img": "img/items/msn_owl.jpg", "cost": 4, "description": "pappersmugg", "initial_count": 1, "title": "Kaffe/Te"}}, {"pk": 2, "model": "terminal.item", "fields": {"img": "img/items/msn_owl_1.jpg", "cost": 3, "description": "egen mugg", "initial_count": 0, "title": "Kaffe/Te"}}, {"pk": 3, "model": "terminal.order", "fields": {"when": "2010-07-20 21:30:37", "student": 1}}, {"pk": 1, "model": "terminal.order", "fields": {"when": "2010-07-20 21:30:22", "student": 1}}, {"pk": 1, "model": "terminal.orderitem", "fields": {"count": 1, "item": 1, "order": 1}}, {"pk": 2, "model": "terminal.orderitem", "fields": {"count": 2, "item": 2, "order": 1}}, {"pk": 3, "model": "terminal.orderitem", "fields": {"count": 1, "item": 1, "order": 3}}, {"pk": 4, "model": "terminal.orderitem", "fields": {"count": 1, "item": 2, "order": 3}}, {"pk": 3, "model": "terminal.tagshown", "fields": {"when": "2010-07-20 21:30:36", "pending": false, "student": 1}}, {"pk": 2, "model": "terminal.tagshown", "fields": {"when": "2010-07-20 21:30:31", "pending": false, "student": 1}}, {"pk": 1, "model": "terminal.tagshown", "fields": {"when": "2010-07-20 21:30:21", "pending": false, "student": 1}}, {"pk": 2, "model": "liu.student", "fields": {"balance": 0, "liu_id": "board", "user": 3}}, {"pk": 3, "model": "liu.student", "fields": {"balance": 0, "liu_id": "worker", "user": 2}}, {"pk": 4, "model": "liu.student", "fields": {"balance": 0, "liu_id": "regular", "user": 4}}, {"pk": 1, "model": "liu.student", "fields": {"balance": -17, "liu_id": "pilt", "user": 1}}, {"pk": 1, "model": "cal.morningshift", "fields": {"comment": "", "day": "2010-07-20"}}, {"pk": 2, "model": "cal.morningshift", "fields": {"comment": "", "day": "2010-07-21"}}, {"pk": 5, "model": "cal.morningshift", "fields": {"comment": "", "day": "2010-07-27"}}, {"pk": 6, "model": "cal.morningshift", "fields": {"comment": "", "day": "2010-07-28"}}, {"pk": 10, "model": "cal.morningshift", "fields": {"comment": "", "day": "2010-08-02"}}, {"pk": 11, "model": "cal.morningshift", "fields": {"comment": "", "day": "2010-08-03"}}, {"pk": 12, "model": "cal.morningshift", "fields": {"comment": "", "day": "2010-08-04"}}, {"pk": 13, "model": "cal.morningshift", "fields": {"comment": "", "day": "2010-08-05"}}, {"pk": 14, "model": "cal.morningshift", "fields": {"comment": "", "day": "2010-08-06"}}, {"pk": 15, "model": "cal.morningshift", "fields": {"comment": "", "day": "2010-08-09"}}, {"pk": 16, "model": "cal.morningshift", "fields": {"comment": "", "day": "2010-08-10"}}, {"pk": 17, "model": "cal.morningshift", "fields": {"comment": "", "day": "2010-08-11"}}, {"pk": 18, "model": "cal.morningshift", "fields": {"comment": "", "day": "2010-08-12"}}, {"pk": 19, "model": "cal.morningshift", "fields": {"comment": "", "day": "2010-08-13"}}, {"pk": 20, "model": "cal.morningshift", "fields": {"comment": "", "day": "2010-08-16"}}, {"pk": 21, "model": "cal.morningshift", "fields": {"comment": "", "day": "2010-08-17"}}, {"pk": 22, "model": "cal.morningshift", "fields": {"comment": "", "day": "2010-08-18"}}, {"pk": 23, "model": "cal.morningshift", "fields": {"comment": "", "day": "2010-08-19"}}, {"pk": 24, "model": "cal.morningshift", "fields": {"comment": "", "day": "2010-08-20"}}, {"pk": 25, "model": "cal.morningshift", "fields": {"comment": "", "day": "2010-08-23"}}, {"pk": 26, "model": "cal.morningshift", "fields": {"comment": "", "day": "2010-08-24"}}, {"pk": 27, "model": "cal.morningshift", "fields": {"comment": "", "day": "2010-08-25"}}, {"pk": 28, "model": "cal.morningshift", "fields": {"comment": "", "day": "2010-08-26"}}, {"pk": 29, "model": "cal.morningshift", "fields": {"comment": "", "day": "2010-08-27"}}, {"pk": 30, "model": "cal.morningshift", "fields": {"comment": "", "day": "2010-08-30"}}, {"pk": 31, "model": "cal.morningshift", "fields": {"comment": "", "day": "2010-08-31"}}, {"pk": 32, "model": "cal.morningshift", "fields": {"comment": "", "day": "2010-07-22"}}, {"pk": 33, "model": "cal.morningshift", "fields": {"comment": "", "day": "2010-07-23"}}, {"pk": 34, "model": "cal.morningshift", "fields": {"comment": "", "day": "2010-07-29"}}, {"pk": 35, "model": "cal.morningshift", "fields": {"comment": "", "day": "2010-07-30"}}, {"pk": 1, "model": "cal.afternoonshift", "fields": {"comment": "", "day": "2010-07-20"}}, {"pk": 2, "model": "cal.afternoonshift", "fields": {"comment": "", "day": "2010-07-21"}}, {"pk": 5, "model": "cal.afternoonshift", "fields": {"comment": "", "day": "2010-07-27"}}, {"pk": 6, "model": "cal.afternoonshift", "fields": {"comment": "", "day": "2010-07-28"}}, {"pk": 10, "model": "cal.afternoonshift", "fields": {"comment": "", "day": "2010-08-02"}}, {"pk": 11, "model": "cal.afternoonshift", "fields": {"comment": "", "day": "2010-08-03"}}, {"pk": 12, "model": "cal.afternoonshift", "fields": {"comment": "", "day": "2010-08-04"}}, {"pk": 13, "model": "cal.afternoonshift", "fields": {"comment": "", "day": "2010-08-05"}}, {"pk": 14, "model": "cal.afternoonshift", "fields": {"comment": "", "day": "2010-08-06"}}, {"pk": 15, "model": "cal.afternoonshift", "fields": {"comment": "", "day": "2010-08-09"}}, {"pk": 16, "model": "cal.afternoonshift", "fields": {"comment": "", "day": "2010-08-10"}}, {"pk": 17, "model": "cal.afternoonshift", "fields": {"comment": "", "day": "2010-08-11"}}, {"pk": 18, "model": "cal.afternoonshift", "fields": {"comment": "", "day": "2010-08-12"}}, {"pk": 19, "model": "cal.afternoonshift", "fields": {"comment": "", "day": "2010-08-13"}}, {"pk": 20, "model": "cal.afternoonshift", "fields": {"comment": "", "day": "2010-08-16"}}, {"pk": 21, "model": "cal.afternoonshift", "fields": {"comment": "", "day": "2010-08-17"}}, {"pk": 22, "model": "cal.afternoonshift", "fields": {"comment": "", "day": "2010-08-18"}}, {"pk": 23, "model": "cal.afternoonshift", "fields": {"comment": "", "day": "2010-08-19"}}, {"pk": 24, "model": "cal.afternoonshift", "fields": {"comment": "", "day": "2010-08-20"}}, {"pk": 25, "model": "cal.afternoonshift", "fields": {"comment": "", "day": "2010-08-23"}}, {"pk": 26, "model": "cal.afternoonshift", "fields": {"comment": "", "day": "2010-08-24"}}, {"pk": 27, "model": "cal.afternoonshift", "fields": {"comment": "", "day": "2010-08-25"}}, {"pk": 28, "model": "cal.afternoonshift", "fields": {"comment": "", "day": "2010-08-26"}}, {"pk": 29, "model": "cal.afternoonshift", "fields": {"comment": "", "day": "2010-08-27"}}, {"pk": 30, "model": "cal.afternoonshift", "fields": {"comment": "", "day": "2010-08-30"}}, {"pk": 31, "model": "cal.afternoonshift", "fields": {"comment": "", "day": "2010-08-31"}}, {"pk": 32, "model": "cal.afternoonshift", "fields": {"comment": "", "day": "2010-07-22"}}, {"pk": 33, "model": "cal.afternoonshift", "fields": {"comment": "", "day": "2010-07-23"}}, {"pk": 34, "model": "cal.afternoonshift", "fields": {"comment": "", "day": "2010-07-29"}}, {"pk": 35, "model": "cal.afternoonshift", "fields": {"comment": "", "day": "2010-07-30"}}, {"pk": 1, "model": "cal.scheduledmorning", "fields": {"shift": 1, "swappable": false, "student": 1}}, {"pk": 7, "model": "cal.scheduledmorning", "fields": {"shift": 2, "swappable": false, "student": 1}}, {"pk": 8, "model": "cal.scheduledmorning", "fields": {"shift": 32, "swappable": true, "student": 1}}, {"pk": 6, "model": "cal.scheduledmorning", "fields": {"shift": 6, "swappable": true, "student": 2}}, {"pk": 5, "model": "cal.scheduledmorning", "fields": {"shift": 15, "swappable": false, "student": 3}}, {"pk": 4, "model": "cal.scheduledmorning", "fields": {"shift": 22, "swappable": false, "student": 2}}, {"pk": 3, "model": "cal.scheduledafternoon", "fields": {"shift": 2, "swappable": false, "student": 1}}, {"pk": 1, "model": "cal.scheduledafternoon", "fields": {"shift": 2, "swappable": false, "student": 1}}, {"pk": 2, "model": "cal.scheduledafternoon", "fields": {"shift": 22, "swappable": false, "student": 2}}, {"pk": 9, "model": "cal.swaprequest", "fields": {"confirmed_at": null, "made_at": "2010-07-21 17:56:09", "morning": 6, "denied_at": null, "afternoon": null, "student": 1}}, {"pk": 12, "model": "cal.swappossibility", "fields": {"afternoon": null, "swap": 9, "morning": 7}}, {"pk": 13, "model": "cal.swappossibility", "fields": {"afternoon": 1, "swap": 9, "morning": null}}, {"pk": 14, "model": "cal.swappossibility", "fields": {"afternoon": 3, "swap": 9, "morning": null}}, {"pk": 15, "model": "cal.swappossibility", "fields": {"afternoon": null, "swap": 9, "morning": 8}}, {"pk": 61, "model": "auth.permission", "fields": {"codename": "add_account", "name": "Can add account", "content_type": 21}}, {"pk": 62, "model": "auth.permission", "fields": {"codename": "change_account", "name": "Can change account", "content_type": 21}}, {"pk": 63, "model": "auth.permission", "fields": {"codename": "delete_account", "name": "Can delete account", "content_type": 21}}, {"pk": 64, "model": "auth.permission", "fields": {"codename": "add_otherserviceinfo", "name": "Can add other service info", "content_type": 22}}, {"pk": 65, "model": "auth.permission", "fields": {"codename": "change_otherserviceinfo", "name": "Can change other service info", "content_type": 22}}, {"pk": 66, "model": "auth.permission", "fields": {"codename": "delete_otherserviceinfo", "name": "Can delete other service info", "content_type": 22}}, {"pk": 67, "model": "auth.permission", "fields": {"codename": "add_passwordreset", "name": "Can add password reset", "content_type": 23}}, {"pk": 68, "model": "auth.permission", "fields": {"codename": "change_passwordreset", "name": "Can change password reset", "content_type": 23}}, {"pk": 69, "model": "auth.permission", "fields": {"codename": "delete_passwordreset", "name": "Can delete password reset", "content_type": 23}}, {"pk": 1, "model": "auth.permission", "fields": {"codename": "add_logentry", "name": "Can add log entry", "content_type": 1}}, {"pk": 2, "model": "auth.permission", "fields": {"codename": "change_logentry", "name": "Can change log entry", "content_type": 1}}, {"pk": 3, "model": "auth.permission", "fields": {"codename": "delete_logentry", "name": "Can delete log entry", "content_type": 1}}, {"pk": 55, "model": "auth.permission", "fields": {"codename": "add_announcement", "name": "Can add announcement", "content_type": 19}}, {"pk": 56, "model": "auth.permission", "fields": {"codename": "change_announcement", "name": "Can change announcement", "content_type": 19}}, {"pk": 57, "model": "auth.permission", "fields": {"codename": "delete_announcement", "name": "Can delete announcement", "content_type": 19}}, {"pk": 7, "model": "auth.permission", "fields": {"codename": "add_group", "name": "Can add group", "content_type": 3}}, {"pk": 8, "model": "auth.permission", "fields": {"codename": "change_group", "name": "Can change group", "content_type": 3}}, {"pk": 9, "model": "auth.permission", "fields": {"codename": "delete_group", "name": "Can delete group", "content_type": 3}}, {"pk": 13, "model": "auth.permission", "fields": {"codename": "add_message", "name": "Can add message", "content_type": 5}}, {"pk": 14, "model": "auth.permission", "fields": {"codename": "change_message", "name": "Can change message", "content_type": 5}}, {"pk": 15, "model": "auth.permission", "fields": {"codename": "delete_message", "name": "Can delete message", "content_type": 5}}, {"pk": 4, "model": "auth.permission", "fields": {"codename": "add_permission", "name": "Can add permission", "content_type": 2}}, {"pk": 5, "model": "auth.permission", "fields": {"codename": "change_permission", "name": "Can change permission", "content_type": 2}}, {"pk": 6, "model": "auth.permission", "fields": {"codename": "delete_permission", "name": "Can delete permission", "content_type": 2}}, {"pk": 10, "model": "auth.permission", "fields": {"codename": "add_user", "name": "Can add user", "content_type": 4}}, {"pk": 11, "model": "auth.permission", "fields": {"codename": "change_user", "name": "Can change user", "content_type": 4}}, {"pk": 12, "model": "auth.permission", "fields": {"codename": "delete_user", "name": "Can delete user", "content_type": 4}}, {"pk": 58, "model": "auth.permission", "fields": {"codename": "add_profile", "name": "Can add profile", "content_type": 20}}, {"pk": 59, "model": "auth.permission", "fields": {"codename": "change_profile", "name": "Can change profile", "content_type": 20}}, {"pk": 60, "model": "auth.permission", "fields": {"codename": "delete_profile", "name": "Can delete profile", "content_type": 20}}, {"pk": 94, "model": "auth.permission", "fields": {"codename": "add_afternoonshift", "name": "Can add afternoon shift", "content_type": 32}}, {"pk": 95, "model": "auth.permission", "fields": {"codename": "change_afternoonshift", "name": "Can change afternoon shift", "content_type": 32}}, {"pk": 96, "model": "auth.permission", "fields": {"codename": "delete_afternoonshift", "name": "Can delete afternoon shift", "content_type": 32}}, {"pk": 91, "model": "auth.permission", "fields": {"codename": "add_morningshift", "name": "Can add morning shift", "content_type": 31}}, {"pk": 92, "model": "auth.permission", "fields": {"codename": "change_morningshift", "name": "Can change morning shift", "content_type": 31}}, {"pk": 93, "model": "auth.permission", "fields": {"codename": "delete_morningshift", "name": "Can delete morning shift", "content_type": 31}}, {"pk": 100, "model": "auth.permission", "fields": {"codename": "add_scheduledafternoon", "name": "Can add scheduled afternoon", "content_type": 34}}, {"pk": 101, "model": "auth.permission", "fields": {"codename": "change_scheduledafternoon", "name": "Can change scheduled afternoon", "content_type": 34}}, {"pk": 102, "model": "auth.permission", "fields": {"codename": "delete_scheduledafternoon", "name": "Can delete scheduled afternoon", "content_type": 34}}, {"pk": 97, "model": "auth.permission", "fields": {"codename": "add_scheduledmorning", "name": "Can add scheduled morning", "content_type": 33}}, {"pk": 98, "model": "auth.permission", "fields": {"codename": "change_scheduledmorning", "name": "Can change scheduled morning", "content_type": 33}}, {"pk": 99, "model": "auth.permission", "fields": {"codename": "delete_scheduledmorning", "name": "Can delete scheduled morning", "content_type": 33}}, {"pk": 106, "model": "auth.permission", "fields": {"codename": "add_swappossibility", "name": "Can add swap possibility", "content_type": 36}}, {"pk": 107, "model": "auth.permission", "fields": {"codename": "change_swappossibility", "name": "Can change swap possibility", "content_type": 36}}, {"pk": 108, "model": "auth.permission", "fields": {"codename": "delete_swappossibility", "name": "Can delete swap possibility", "content_type": 36}}, {"pk": 103, "model": "auth.permission", "fields": {"codename": "add_swaprequest", "name": "Can add swap request", "content_type": 35}}, {"pk": 104, "model": "auth.permission", "fields": {"codename": "change_swaprequest", "name": "Can change swap request", "content_type": 35}}, {"pk": 105, "model": "auth.permission", "fields": {"codename": "delete_swaprequest", "name": "Can delete swap request", "content_type": 35}}, {"pk": 16, "model": "auth.permission", "fields": {"codename": "add_contenttype", "name": "Can add content type", "content_type": 6}}, {"pk": 17, "model": "auth.permission", "fields": {"codename": "change_contenttype", "name": "Can change content type", "content_type": 6}}, {"pk": 18, "model": "auth.permission", "fields": {"codename": "delete_contenttype", "name": "Can delete content type", "content_type": 6}}, {"pk": 112, "model": "auth.permission", "fields": {"codename": "add_association", "name": "Can add association", "content_type": 38}}, {"pk": 113, "model": "auth.permission", "fields": {"codename": "change_association", "name": "Can change association", "content_type": 38}}, {"pk": 114, "model": "auth.permission", "fields": {"codename": "delete_association", "name": "Can delete association", "content_type": 38}}, {"pk": 109, "model": "auth.permission", "fields": {"codename": "add_nonce", "name": "Can add nonce", "content_type": 37}}, {"pk": 110, "model": "auth.permission", "fields": {"codename": "change_nonce", "name": "Can change nonce", "content_type": 37}}, {"pk": 111, "model": "auth.permission", "fields": {"codename": "delete_nonce", "name": "Can delete nonce", "content_type": 37}}, {"pk": 115, "model": "auth.permission", "fields": {"codename": "add_useropenidassociation", "name": "Can add user openid association", "content_type": 39}}, {"pk": 116, "model": "auth.permission", "fields": {"codename": "change_useropenidassociation", "name": "Can change user openid association", "content_type": 39}}, {"pk": 117, "model": "auth.permission", "fields": {"codename": "delete_useropenidassociation", "name": "Can delete user openid association", "content_type": 39}}, {"pk": 40, "model": "auth.permission", "fields": {"codename": "add_emailaddress", "name": "Can add e-mail address", "content_type": 14}}, {"pk": 41, "model": "auth.permission", "fields": {"codename": "change_emailaddress", "name": "Can change e-mail address", "content_type": 14}}, {"pk": 42, "model": "auth.permission", "fields": {"codename": "delete_emailaddress", "name": "Can delete e-mail address", "content_type": 14}}, {"pk": 43, "model": "auth.permission", "fields": {"codename": "add_emailconfirmation", "name": "Can add e-mail confirmation", "content_type": 15}}, {"pk": 44, "model": "auth.permission", "fields": {"codename": "change_emailconfirmation", "name": "Can change e-mail confirmation", "content_type": 15}}, {"pk": 45, "model": "auth.permission", "fields": {"codename": "delete_emailconfirmation", "name": "Can delete e-mail confirmation", "content_type": 15}}, {"pk": 118, "model": "auth.permission", "fields": {"codename": "add_joingrouprequest", "name": "Can add join group request", "content_type": 40}}, {"pk": 119, "model": "auth.permission", "fields": {"codename": "change_joingrouprequest", "name": "Can change join group request", "content_type": 40}}, {"pk": 120, "model": "auth.permission", "fields": {"codename": "delete_joingrouprequest", "name": "Can delete join group request", "content_type": 40}}, {"pk": 88, "model": "auth.permission", "fields": {"codename": "add_student", "name": "Can add student", "content_type": 30}}, {"pk": 89, "model": "auth.permission", "fields": {"codename": "change_student", "name": "Can change student", "content_type": 30}}, {"pk": 90, "model": "auth.permission", "fields": {"codename": "delete_student", "name": "Can delete student", "content_type": 30}}, {"pk": 49, "model": "auth.permission", "fields": {"codename": "add_dontsendentry", "name": "Can add don't send entry", "content_type": 17}}, {"pk": 50, "model": "auth.permission", "fields": {"codename": "change_dontsendentry", "name": "Can change don't send entry", "content_type": 17}}, {"pk": 51, "model": "auth.permission", "fields": {"codename": "delete_dontsendentry", "name": "Can delete don't send entry", "content_type": 17}}, {"pk": 46, "model": "auth.permission", "fields": {"codename": "add_message", "name": "Can add message", "content_type": 16}}, {"pk": 47, "model": "auth.permission", "fields": {"codename": "change_message", "name": "Can change message", "content_type": 16}}, {"pk": 48, "model": "auth.permission", "fields": {"codename": "delete_message", "name": "Can delete message", "content_type": 16}}, {"pk": 52, "model": "auth.permission", "fields": {"codename": "add_messagelog", "name": "Can add message log", "content_type": 18}}, {"pk": 53, "model": "auth.permission", "fields": {"codename": "change_messagelog", "name": "Can change message log", "content_type": 18}}, {"pk": 54, "model": "auth.permission", "fields": {"codename": "delete_messagelog", "name": "Can delete message log", "content_type": 18}}, {"pk": 31, "model": "auth.permission", "fields": {"codename": "add_notice", "name": "Can add notice", "content_type": 11}}, {"pk": 32, "model": "auth.permission", "fields": {"codename": "change_notice", "name": "Can change notice", "content_type": 11}}, {"pk": 33, "model": "auth.permission", "fields": {"codename": "delete_notice", "name": "Can delete notice", "content_type": 11}}, {"pk": 34, "model": "auth.permission", "fields": {"codename": "add_noticequeuebatch", "name": "Can add notice queue batch", "content_type": 12}}, {"pk": 35, "model": "auth.permission", "fields": {"codename": "change_noticequeuebatch", "name": "Can change notice queue batch", "content_type": 12}}, {"pk": 36, "model": "auth.permission", "fields": {"codename": "delete_noticequeuebatch", "name": "Can delete notice queue batch", "content_type": 12}}, {"pk": 28, "model": "auth.permission", "fields": {"codename": "add_noticesetting", "name": "Can add notice setting", "content_type": 10}}, {"pk": 29, "model": "auth.permission", "fields": {"codename": "change_noticesetting", "name": "Can change notice setting", "content_type": 10}}, {"pk": 30, "model": "auth.permission", "fields": {"codename": "delete_noticesetting", "name": "Can delete notice setting", "content_type": 10}}, {"pk": 25, "model": "auth.permission", "fields": {"codename": "add_noticetype", "name": "Can add notice type", "content_type": 9}}, {"pk": 26, "model": "auth.permission", "fields": {"codename": "change_noticetype", "name": "Can change notice type", "content_type": 9}}, {"pk": 27, "model": "auth.permission", "fields": {"codename": "delete_noticetype", "name": "Can delete notice type", "content_type": 9}}, {"pk": 37, "model": "auth.permission", "fields": {"codename": "add_observeditem", "name": "Can add observed item", "content_type": 13}}, {"pk": 38, "model": "auth.permission", "fields": {"codename": "change_observeditem", "name": "Can change observed item", "content_type": 13}}, {"pk": 39, "model": "auth.permission", "fields": {"codename": "delete_observeditem", "name": "Can delete observed item", "content_type": 13}}, {"pk": 19, "model": "auth.permission", "fields": {"codename": "add_session", "name": "Can add session", "content_type": 7}}, {"pk": 20, "model": "auth.permission", "fields": {"codename": "change_session", "name": "Can change session", "content_type": 7}}, {"pk": 21, "model": "auth.permission", "fields": {"codename": "delete_session", "name": "Can delete session", "content_type": 7}}, {"pk": 70, "model": "auth.permission", "fields": {"codename": "add_signupcode", "name": "Can add signup code", "content_type": 24}}, {"pk": 71, "model": "auth.permission", "fields": {"codename": "change_signupcode", "name": "Can change signup code", "content_type": 24}}, {"pk": 72, "model": "auth.permission", "fields": {"codename": "delete_signupcode", "name": "Can delete signup code", "content_type": 24}}, {"pk": 73, "model": "auth.permission", "fields": {"codename": "add_signupcoderesult", "name": "Can add signup code result", "content_type": 25}}, {"pk": 74, "model": "auth.permission", "fields": {"codename": "change_signupcoderesult", "name": "Can change signup code result", "content_type": 25}}, {"pk": 75, "model": "auth.permission", "fields": {"codename": "delete_signupcoderesult", "name": "Can delete signup code result", "content_type": 25}}, {"pk": 22, "model": "auth.permission", "fields": {"codename": "add_site", "name": "Can add site", "content_type": 8}}, {"pk": 23, "model": "auth.permission", "fields": {"codename": "change_site", "name": "Can change site", "content_type": 8}}, {"pk": 24, "model": "auth.permission", "fields": {"codename": "delete_site", "name": "Can delete site", "content_type": 8}}, {"pk": 76, "model": "auth.permission", "fields": {"codename": "add_item", "name": "Can add item", "content_type": 26}}, {"pk": 77, "model": "auth.permission", "fields": {"codename": "change_item", "name": "Can change item", "content_type": 26}}, {"pk": 78, "model": "auth.permission", "fields": {"codename": "delete_item", "name": "Can delete item", "content_type": 26}}, {"pk": 79, "model": "auth.permission", "fields": {"codename": "add_order", "name": "Can add order", "content_type": 27}}, {"pk": 80, "model": "auth.permission", "fields": {"codename": "change_order", "name": "Can change order", "content_type": 27}}, {"pk": 81, "model": "auth.permission", "fields": {"codename": "delete_order", "name": "Can delete order", "content_type": 27}}, {"pk": 82, "model": "auth.permission", "fields": {"codename": "add_orderitem", "name": "Can add order item", "content_type": 28}}, {"pk": 83, "model": "auth.permission", "fields": {"codename": "change_orderitem", "name": "Can change order item", "content_type": 28}}, {"pk": 84, "model": "auth.permission", "fields": {"codename": "delete_orderitem", "name": "Can delete order item", "content_type": 28}}, {"pk": 85, "model": "auth.permission", "fields": {"codename": "add_tagshown", "name": "Can add tag shown", "content_type": 29}}, {"pk": 86, "model": "auth.permission", "fields": {"codename": "change_tagshown", "name": "Can change tag shown", "content_type": 29}}, {"pk": 87, "model": "auth.permission", "fields": {"codename": "delete_tagshown", "name": "Can delete tag shown", "content_type": 29}}, {"pk": 3, "model": "admin.logentry", "fields": {"action_flag": 2, "action_time": "2010-07-22 22:00:44", "object_repr": "regular", "object_id": "4", "change_message": "\u00c4ndrade groups.", "user": 1, "content_type": 4}}, {"pk": 2, "model": "admin.logentry", "fields": {"action_flag": 2, "action_time": "2010-07-22 21:59:49", "object_repr": "regular", "object_id": "4", "change_message": "\u00c4ndrade groups.", "user": 1, "content_type": 4}}, {"pk": 1, "model": "admin.logentry", "fields": {"action_flag": 2, "action_time": "2010-07-20 20:04:16", "object_repr": "pilt", "object_id": "1", "change_message": "\u00c4ndrade groups.", "user": 1, "content_type": 4}}, {"pk": 1, "model": "auth.group", "fields": {"name": "workers", "permissions": []}}, {"pk": 2, "model": "auth.group", "fields": {"name": "board", "permissions": []}}, {"pk": 3, "model": "auth.user", "fields": {"username": "board", "first_name": "", "last_name": "", "is_active": true, "is_superuser": false, "is_staff": false, "last_login": "2010-07-20 19:46:21", "groups": [1, 2], "user_permissions": [], "password": "sha1$f0da2$5a1dc120af475a21888f352bbc086c60abb32fa8", "email": "", "date_joined": "2010-07-20 19:46:21"}}, {"pk": 1, "model": "auth.user", "fields": {"username": "pilt", "first_name": "", "last_name": "", "is_active": true, "is_superuser": true, "is_staff": true, "last_login": "2010-07-20 19:50:30", "groups": [1, 2], "user_permissions": [], "password": "sha1$25120$c6c69112f37372ea130f09582189747e088bfcfd", "email": "simpa395@student.liu.se", "date_joined": "2010-07-20 18:56:12"}}, {"pk": 2, "model": "auth.user", "fields": {"username": "worker", "first_name": "", "last_name": "", "is_active": true, "is_superuser": false, "is_staff": false, "last_login": "2010-07-20 20:09:26", "groups": [1], "user_permissions": [], "password": "sha1$a122c$a880c3d64ef9237b04db1e5cf64179d97b4fb5ad", "email": "", "date_joined": "2010-07-20 19:45:57"}}, {"pk": 4, "model": "auth.user", "fields": {"username": "regular", "first_name": "", "last_name": "", "is_active": true, "is_superuser": false, "is_staff": false, "last_login": "2010-07-20 20:19:25", "groups": [], "user_permissions": [], "password": "sha1$312e8$c50ce55aef8a19cd427f93b3561a43800f6690f7", "email": "", "date_joined": "2010-07-20 19:47:25"}}]
